case_id,policy,record_scope,outcome_class,selected_rank,selected_config_flat,selected_pattern_flat,T_state_update,T_decision_ready,L_policy,G_state_zero,state_image_hex
0,EARLY,GROUP_DECISION,REPAIRABLE,1,2124,48629,50,51,1,1,0xb28365047e5b9d71eaef
0,GROUP,GROUP_DECISION,REPAIRABLE,0,0,53800,50,55,5,5,0xb28365047e5b9d71eaef
1,EARLY,GROUP_DECISION,REPAIRABLE,1,2136,32213,50,51,1,1,0xffa760dec003e40bcfde
1,GROUP,GROUP_DECISION,REPAIRABLE,0,2128,32213,50,55,5,5,0xffa760dec003e40bcfde
2,EARLY,GROUP_DECISION,REPAIRABLE,1,2124,46316,50,51,1,1,0x5e812005fbf6ff20e82f
2,GROUP,GROUP_DECISION,REPAIRABLE,0,68,42236,50,55,5,5,0x5e812005fbf6ff20e82f
3,EARLY,GROUP_DECISION,REPAIRABLE,1,2060,44895,50,51,1,1,0x09bc1f3bd60ca7e57b6a
3,GROUP,GROUP_DECISION,REPAIRABLE,0,2056,44882,50,55,5,5,0x09bc1f3bd60ca7e57b6a
4,EARLY,GROUP_DECISION,REPAIRABLE,1,2060,11444,50,51,1,1,0x3034194befd9e527000b
4,GROUP,GROUP_DECISION,REPAIRABLE,0,0,40163,50,55,5,5,0x3034194befd9e527000b
5,EARLY,GROUP_DECISION,REPAIRABLE,1,2124,15677,50,51,1,1,0x5adf7fca4e5a9f632dce
5,GROUP,GROUP_DECISION,REPAIRABLE,0,0,12065,50,55,5,5,0x5adf7fca4e5a9f632dce
6,EARLY,GROUP_DECISION,REPAIRABLE,3,3160,58671,50,53,3,3,0x0a81712ec000001feac0
6,GROUP,GROUP_DECISION,REPAIRABLE,0,3152,58847,50,55,5,5,0x0a81712ec000001feac0
7,EARLY,GROUP_DECISION,REPAIRABLE,1,2052,38699,50,51,1,1,0xdabc0f78005076f79966
7,GROUP,GROUP_DECISION,REPAIRABLE,0,0,26411,50,55,5,5,0xdabc0f78005076f79966
8,EARLY,GROUP_DECISION,REPAIRABLE,1,2124,14264,50,51,1,1,0xfe9debdf6e09ee2701cf
8,GROUP,GROUP_DECISION,REPAIRABLE,0,8,62899,50,55,5,5,0xfe9debdf6e09ee2701cf
9,EARLY,GROUP_DECISION,REPAIRABLE,1,2060,42378,50,51,1,1,0xb9e40b9a62f182afcdea
9,GROUP,GROUP_DECISION,REPAIRABLE,0,0,21879,50,55,5,5,0xb9e40b9a62f182afcdea
10,EARLY,GROUP_DECISION,REPAIRABLE,1,2124,18323,50,51,1,1,0x0055f507677494e53fd2
10,GROUP,GROUP_DECISION,REPAIRABLE,0,2048,19122,50,55,5,5,0x0055f507677494e53fd2
11,EARLY,GROUP_DECISION,REPAIRABLE,1,2124,62246,50,51,1,1,0xb59cf388cbf7b5bd183e
11,GROUP,GROUP_DECISION,REPAIRABLE,0,0,23038,50,55,5,5,0xb59cf388cbf7b5bd183e
12,EARLY,GROUP_DECISION,REPAIRABLE,1,2112,36175,50,51,1,1,0x129760694091801f06e3
12,GROUP,GROUP_DECISION,REPAIRABLE,0,64,36175,50,55,5,5,0x129760694091801f06e3
13,EARLY,GROUP_DECISION,REPAIRABLE,3,3156,49951,50,53,3,3,0x0d80e500c00077f5cbc0
13,GROUP,GROUP_DECISION,REPAIRABLE,0,3152,49946,50,55,5,5,0x0d80e500c00077f5cbc0
14,EARLY,GROUP_DECISION,REPAIRABLE,1,2120,22594,50,51,1,1,0xbdb62f6cd3f054050457
14,GROUP,GROUP_DECISION,REPAIRABLE,0,0,55282,50,55,5,5,0xbdb62f6cd3f054050457
15,EARLY,GROUP_DECISION,REPAIRABLE,1,2060,27986,50,51,1,1,0x007c1b2d5652d4b1025a
15,GROUP,GROUP_DECISION,REPAIRABLE,0,2048,27944,50,55,5,5,0x007c1b2d5652d4b1025a
16,EARLY,GROUP_DECISION,REPAIRABLE,1,2120,63679,50,51,1,1,0x02c6209f6eba801f003e
16,GROUP,GROUP_DECISION,REPAIRABLE,0,2112,63583,50,55,5,5,0x02c6209f6eba801f003e
17,EARLY,GROUP_DECISION,REPAIRABLE,1,2116,64071,50,51,1,1,0x0cd6a0fbc0979df5cbfe
17,GROUP,GROUP_DECISION,REPAIRABLE,0,2112,64074,50,55,5,5,0x0cd6a0fbc0979df5cbfe
18,EARLY,GROUP_DECISION,REPAIRABLE,1,2124,28951,50,51,1,1,0x302c6004460395f105de
18,GROUP,GROUP_DECISION,REPAIRABLE,0,72,4376,50,55,5,5,0x302c6004460395f105de
19,EARLY,GROUP_DECISION,REPAIRABLE,1,2116,8915,50,51,1,1,0x7680ad2bc1bae4f7680a
19,GROUP,GROUP_DECISION,REPAIRABLE,0,0,14043,50,55,5,5,0x7680ad2bc1bae4f7680a
20,EARLY,GROUP_DECISION,REPAIRABLE,1,2124,9013,50,51,1,1,0xddace0a80e004d60dc4b
20,GROUP,GROUP_DECISION,REPAIRABLE,0,76,58165,50,55,5,5,0xddace0a80e004d60dc4b
21,EARLY,GROUP_DECISION,UNREPAIRABLE_FULL_SEARCH,0,8,95,45,49,4,4,0x74ec0007d716941fbbf3
21,GROUP,GROUP_DECISION,REPAIRABLE,0,142,48470,50,55,5,5,0x74ec0007d716941fbbf3
22,EARLY,GROUP_DECISION,UNREPAIRABLE_FULL_SEARCH,0,4,15,40,44,4,4,0x0782f500000effeb07ea
22,GROUP,GROUP_DECISION,UNREPAIRABLE,0,0,0,50,55,5,5,0x0782f500000effeb07ea
23,EARLY,GROUP_DECISION,REPAIRABLE,1,2124,41457,50,51,1,1,0xb38060017e7cbc63182b
23,GROUP,GROUP_DECISION,REPAIRABLE,0,64,53553,50,55,5,5,0xb38060017e7cbc63182b
24,EARLY,GROUP_DECISION,REPAIRABLE,1,2116,15451,50,51,1,1,0x099f3d5d40bc96f1000e
24,GROUP,GROUP_DECISION,REPAIRABLE,0,2048,15960,50,55,5,5,0x099f3d5d40bc96f1000e
25,EARLY,GROUP_DECISION,REPAIRABLE,1,2120,38598,50,51,1,1,0x3d81b907f200140d4827
25,GROUP,GROUP_DECISION,REPAIRABLE,0,8,40134,50,55,5,5,0x3d81b907f200140d4827
26,EARLY,GROUP_DECISION,UNREPAIRABLE_FULL_SEARCH,0,6,5,40,44,4,4,0x3c81750001d5bc004bc0
26,GROUP,GROUP_DECISION,UNREPAIRABLE,0,0,0,50,55,5,5,0x3c81750001d5bc004bc0
27,EARLY,GROUP_DECISION,REPAIRABLE,1,2140,35004,50,51,1,1,0x302e20bb400883338ae3
27,GROUP,GROUP_DECISION,REPAIRABLE,0,2128,34921,50,55,5,5,0x302e20bb400883338ae3
28,EARLY,GROUP_DECISION,REPAIRABLE,2,72,41394,50,52,2,2,0x500073002e900005a941
28,GROUP,GROUP_DECISION,REPAIRABLE,0,0,43330,50,55,5,5,0x500073002e900005a941
29,EARLY,GROUP_DECISION,REPAIRABLE,1,2048,33785,50,51,1,1,0xd01c070541f6bc130463
29,GROUP,GROUP_DECISION,REPAIRABLE,0,0,58361,50,55,5,5,0xd01c070541f6bc130463
30,EARLY,GROUP_DECISION,REPAIRABLE,1,2116,23453,50,51,1,1,0xb002f7b8c134c7606d57
30,GROUP,GROUP_DECISION,REPAIRABLE,0,4,56221,50,55,5,5,0xb002f7b8c134c7606d57
31,EARLY,GROUP_DECISION,REPAIRABLE,1,2124,58849,50,51,1,1,0x749d6dadfb1b806f037b
31,GROUP,GROUP_DECISION,REPAIRABLE,0,0,46727,50,55,5,5,0x749d6dadfb1b806f037b
32,EARLY,GROUP_DECISION,REPAIRABLE,1,2120,16937,50,51,1,1,0xd1cca0880bb8f4133d52
32,GROUP,GROUP_DECISION,REPAIRABLE,0,64,25305,50,55,5,5,0xd1cca0880bb8f4133d52
33,EARLY,GROUP_DECISION,REPAIRABLE,4,2632,55998,50,54,4,4,0x05d6a0002ebdbc1d06c0
33,GROUP,GROUP_DECISION,REPAIRABLE,0,2624,55902,50,55,5,5,0x05d6a0002ebdbc1d06c0
34,EARLY,GROUP_DECISION,REPAIRABLE,1,2124,51851,50,51,1,1,0xfbdeafaae207a6e07bf3
34,GROUP,GROUP_DECISION,REPAIRABLE,0,12,63371,50,55,5,5,0xfbdeafaae207a6e07bf3
35,EARLY,GROUP_DECISION,REPAIRABLE,1,2116,8546,50,51,1,1,0x0780732b40d980a0280a
35,GROUP,GROUP_DECISION,REPAIRABLE,0,2052,10594,50,55,5,5,0x0780732b40d980a0280a
36,EARLY,GROUP_DECISION,REPAIRABLE,1,2124,44380,50,51,1,1,0x00377b075755f72000ea
36,GROUP,GROUP_DECISION,REPAIRABLE,0,2052,44460,50,55,5,5,0x00377b075755f72000ea
37,EARLY,GROUP_DECISION,REPAIRABLE,1,2116,37349,50,51,1,1,0x01c46b89c1d3c56307e6
37,GROUP,GROUP_DECISION,REPAIRABLE,0,2048,38369,50,55,5,5,0x01c46b89c1d3c56307e6
38,EARLY,GROUP_DECISION,REPAIRABLE,1,2056,25763,50,51,1,1,0x1f80097f6ab01407cfdb
38,GROUP,GROUP_DECISION,REPAIRABLE,0,0,33875,50,55,5,5,0x1f80097f6ab01407cfdb
39,EARLY,GROUP_DECISION,REPAIRABLE,1,2060,36639,50,51,1,1,0x306c1f03467003e97f62
39,GROUP,GROUP_DECISION,REPAIRABLE,0,0,7988,50,55,5,5,0x306c1f03467003e97f62
40,EARLY,GROUP_DECISION,REPAIRABLE,1,2116,6910,50,51,1,1,0x1182a31801f183bf3e47
40,GROUP,GROUP_DECISION,REPAIRABLE,0,0,33279,50,55,5,5,0x1182a31801f183bf3e47
41,EARLY,GROUP_DECISION,REPAIRABLE,2,12,61166,50,52,2,2,0xd4d41db83ad3afa03801
41,GROUP,GROUP_DECISION,REPAIRABLE,0,4,61038,50,55,5,5,0xd4d41db83ad3afa03801
42,EARLY,GROUP_DECISION,REPAIRABLE,1,2124,14197,50,51,1,1,0x07fdebecdfbddd6f29ce
42,GROUP,GROUP_DECISION,REPAIRABLE,0,2048,13783,50,55,5,5,0x07fdebecdfbddd6f29ce
43,EARLY,GROUP_DECISION,REPAIRABLE,3,3136,23668,50,53,3,3,0x01af31ebc0f8c4095cc0
43,GROUP,GROUP_DECISION,REPAIRABLE,0,2624,40052,50,55,5,5,0x01af31ebc0f8c4095cc0
44,EARLY,GROUP_DECISION,REPAIRABLE,1,2140,52103,50,51,1,1,0xb382ef8d40007de50773
44,GROUP,GROUP_DECISION,REPAIRABLE,0,2064,51106,50,55,5,5,0xb382ef8d40007de50773
45,EARLY,GROUP_DECISION,REPAIRABLE,1,2060,20103,50,51,1,1,0x06941d5c62feadfd04d2
45,GROUP,GROUP_DECISION,REPAIRABLE,0,2048,20094,50,55,5,5,0x06941d5c62feadfd04d2
46,EARLY,GROUP_DECISION,REPAIRABLE,2,76,10898,50,52,2,2,0x5bf6a0fce7506cbfe940
46,GROUP,GROUP_DECISION,REPAIRABLE,0,64,10927,50,55,5,5,0x5bf6a0fce7506cbfe940
47,EARLY,GROUP_DECISION,REPAIRABLE,1,2060,60269,50,51,1,1,0x94ac175edb102f7b997a
47,GROUP,GROUP_DECISION,REPAIRABLE,0,0,19341,50,55,5,5,0x94ac175edb102f7b997a
48,EARLY,GROUP_DECISION,REPAIRABLE,1,2116,33956,50,51,1,1,0xffdd3faa4150752f0022
48,GROUP,GROUP_DECISION,REPAIRABLE,0,0,32679,50,55,5,5,0xffdd3faa4150752f0022
49,EARLY,GROUP_DECISION,REPAIRABLE,1,2060,60977,50,51,1,1,0xf00c1d3a4e00006578fb
49,GROUP,GROUP_DECISION,REPAIRABLE,0,8,65074,50,55,5,5,0xf00c1d3a4e00006578fb
50,EARLY,GROUP_DECISION,REPAIRABLE,1,2124,22659,50,51,1,1,0x04be25a822001cff2956
50,GROUP,GROUP_DECISION,REPAIRABLE,0,2056,21135,50,55,5,5,0x04be25a822001cff2956
51,EARLY,GROUP_DECISION,REPAIRABLE,1,2124,4828,50,51,1,1,0x005cad3ef7978320c806
51,GROUP,GROUP_DECISION,REPAIRABLE,0,2052,5836,50,55,5,5,0x005cad3ef7978320c806
52,EARLY,GROUP_DECISION,REPAIRABLE,1,2124,61035,50,51,1,1,0x904faf4bda7002e5b83b
52,GROUP,GROUP_DECISION,REPAIRABLE,0,0,50994,50,55,5,5,0x904faf4bda7002e5b83b
53,EARLY,GROUP_DECISION,REPAIRABLE,2,12,12188,50,52,2,2,0x51ec1f0467df833d0640
53,GROUP,GROUP_DECISION,REPAIRABLE,0,0,12270,50,55,5,5,0x51ec1f0467df833d0640
54,EARLY,GROUP_DECISION,REPAIRABLE,2,76,18216,50,52,2,2,0x9881fbbf4a74de3b05c0
54,GROUP,GROUP_DECISION,REPAIRABLE,0,0,19773,50,55,5,5,0x9881fbbf4a74de3b05c0
55,EARLY,GROUP_DECISION,REPAIRABLE,1,2076,61240,50,51,1,1,0x51801f3dc002be3d8dfb
55,GROUP,GROUP_DECISION,REPAIRABLE,0,2064,61374,50,55,5,5,0x51801f3dc002be3d8dfb
56,EARLY,GROUP_DECISION,REPAIRABLE,2,76,24932,50,52,2,2,0xd06c6d00db5cad31f800
56,GROUP,GROUP_DECISION,REPAIRABLE,0,0,26280,50,55,5,5,0xd06c6d00db5cad31f800
57,EARLY,GROUP_DECISION,REPAIRABLE,1,2048,56417,50,51,1,1,0xb064193dc0d49403d8f6
57,GROUP,GROUP_DECISION,REPAIRABLE,0,0,23649,50,55,5,5,0xb064193dc0d49403d8f6
58,EARLY,GROUP_DECISION,REPAIRABLE,1,2120,26572,50,51,1,1,0x5075e5c9f205f4192f5a
58,GROUP,GROUP_DECISION,REPAIRABLE,0,8,8908,50,55,5,5,0x5075e5c9f205f4192f5a
59,EARLY,GROUP_DECISION,REPAIRABLE,1,2124,22470,50,51,1,1,0xd015e9c8323e81bfd817
59,GROUP,GROUP_DECISION,REPAIRABLE,0,0,58399,50,55,5,5,0xd015e9c8323e81bfd817
60,EARLY,GROUP_DECISION,REPAIRABLE,2,76,58036,50,52,2,2,0xd07ca5aaef94ad297bc1
60,GROUP,GROUP_DECISION,REPAIRABLE,0,0,58052,50,55,5,5,0xd07ca5aaef94ad297bc1
61,EARLY,GROUP_DECISION,REPAIRABLE,2,78,4642,50,52,2,2,0x35ccb91dcb92a40038c0
61,GROUP,GROUP_DECISION,REPAIRABLE,0,13,7204,50,55,5,5,0x35ccb91dcb92a40038c0
62,EARLY,GROUP_DECISION,REPAIRABLE,1,2060,28514,50,51,1,1,0x0c801f9adbb03cad1d5a
62,GROUP,GROUP_DECISION,REPAIRABLE,0,2048,28630,50,55,5,5,0x0c801f9adbb03cad1d5a
63,EARLY,GROUP_DECISION,REPAIRABLE,1,2124,55951,50,51,1,1,0x1afea3482337afe0fa77
63,GROUP,GROUP_DECISION,REPAIRABLE,0,4,33183,50,55,5,5,0x1afea3482337afe0fa77
64,EARLY,GROUP_DECISION,REPAIRABLE,1,2116,41495,50,51,1,1,0x55f4b328003ccde001eb
64,GROUP,GROUP_DECISION,REPAIRABLE,0,4,43287,50,55,5,5,0x55f4b328003ccde001eb
65,EARLY,GROUP_DECISION,REPAIRABLE,1,2124,17466,50,51,1,1,0x328129ccce04bea0d8d2
65,GROUP,GROUP_DECISION,REPAIRABLE,0,12,5178,50,55,5,5,0x328129ccce04bea0d8d2
66,EARLY,GROUP_DECISION,REPAIRABLE,1,2124,22666,50,51,1,1,0x7df63d0022ff82b303d6
66,GROUP,GROUP_DECISION,REPAIRABLE,0,0,15993,50,55,5,5,0x7df63d0022ff82b303d6
67,EARLY,GROUP_DECISION,REPAIRABLE,1,2120,15407,50,51,1,1,0x5027204d4ab04c1f794f
67,GROUP,GROUP_DECISION,REPAIRABLE,0,64,44127,50,55,5,5,0x5027204d4ab04c1f794f
68,EARLY,GROUP_DECISION,REPAIRABLE,2,76,51783,50,52,2,2,0x98e6b5dad2b3adeb6ac1
68,GROUP,GROUP_DECISION,REPAIRABLE,0,0,51797,50,55,5,5,0x98e6b5dad2b3adeb6ac1
69,EARLY,GROUP_DECISION,REPAIRABLE,1,2124,25508,50,51,1,1,0x707ce0bc6af8ad20181a
69,GROUP,GROUP_DECISION,REPAIRABLE,0,68,13172,50,55,5,5,0x707ce0bc6af8ad20181a
70,EARLY,GROUP_DECISION,REPAIRABLE,2,76,19901,50,52,2,2,0x907760aeef19a760fbc0
70,GROUP,GROUP_DECISION,REPAIRABLE,0,68,19853,50,55,5,5,0x907760aeef19a760fbc0
71,EARLY,GROUP_DECISION,REPAIRABLE,2,78,25558,50,52,2,2,0xd580e04ff776a4007800
71,GROUP,GROUP_DECISION,REPAIRABLE,0,77,25556,50,55,5,5,0xd580e04ff776a4007800
72,EARLY,GROUP_DECISION,REPAIRABLE,1,2124,42212,50,51,1,1,0x107d3b983b5fe527cd6b
72,GROUP,GROUP_DECISION,REPAIRABLE,0,0,36259,50,55,5,5,0x107d3b983b5fe527cd6b
73,EARLY,GROUP_DECISION,REPAIRABLE,1,2120,34211,50,51,1,1,0x7055656b6ab9c4070662
73,GROUP,GROUP_DECISION,REPAIRABLE,0,0,12883,50,55,5,5,0x7055656b6ab9c4070662
74,EARLY,GROUP_DECISION,REPAIRABLE,1,2126,19905,50,51,1,1,0xb05f73adf35194006a52
74,GROUP,GROUP_DECISION,REPAIRABLE,0,13,22978,50,55,5,5,0xb05f73adf35194006a52
75,EARLY,GROUP_DECISION,REPAIRABLE,2,12,7278,50,52,2,2,0x302c1949da0037afd9c0
75,GROUP,GROUP_DECISION,REPAIRABLE,0,8,7271,50,55,5,5,0x302c1949da0037afd9c0
76,EARLY,GROUP_DECISION,REPAIRABLE,1,2124,22009,50,51,1,1,0x90156b383f7fa6630557
76,GROUP,GROUP_DECISION,REPAIRABLE,0,0,50609,50,55,5,5,0x90156b383f7fa6630557
77,EARLY,GROUP_DECISION,REPAIRABLE,3,3164,35494,50,53,3,3,0x5782a3afc003cda08800
77,GROUP,GROUP_DECISION,REPAIRABLE,0,3156,35574,50,55,5,5,0x5782a3afc003cda08800
78,EARLY,GROUP_DECISION,REPAIRABLE,2,68,63916,50,52,2,2,0xf04e7dadc1500327db41
78,GROUP,GROUP_DECISION,REPAIRABLE,0,0,65187,50,55,5,5,0xf04e7dadc1500327db41
79,EARLY,GROUP_DECISION,REPAIRABLE,1,2124,29219,50,51,1,1,0xd06ca0980a01dce001de
79,GROUP,GROUP_DECISION,REPAIRABLE,0,76,25123,50,55,5,5,0xd06ca0980a01dce001de
80,EARLY,GROUP_DECISION,REPAIRABLE,1,2124,55606,50,51,1,1,0x039667024f505dadfef6
80,GROUP,GROUP_DECISION,REPAIRABLE,0,2048,54182,50,55,5,5,0x039667024f505dadfef6
81,EARLY,GROUP_DECISION,REPAIRABLE,2,76,9524,50,52,2,2,0x5981652bcf5d953f07c0
81,GROUP,GROUP_DECISION,REPAIRABLE,0,0,8879,50,55,5,5,0x5981652bcf5d953f07c0
82,EARLY,GROUP_DECISION,UNREPAIRABLE_FULL_SEARCH,0,0,137,45,49,4,4,0xd19c0089c1101c133ec0
82,GROUP,GROUP_DECISION,UNREPAIRABLE,0,0,0,50,55,5,5,0xd19c0089c1101c133ec0
83,EARLY,GROUP_DECISION,REPAIRABLE,1,2124,19917,50,51,1,1,0x36b7655a73d6cf7b1a52
83,GROUP,GROUP_DECISION,REPAIRABLE,0,0,4845,50,55,5,5,0x36b7655a73d6cf7b1a52
84,EARLY,GROUP_DECISION,REPAIRABLE,2,4,28571,50,52,2,2,0xdacc1f3a4134feef1a40
84,GROUP,GROUP_DECISION,REPAIRABLE,0,0,28567,50,55,5,5,0xdacc1f3a4134feef1a40
85,EARLY,GROUP_DECISION,REPAIRABLE,1,2124,39198,50,51,1,1,0x08be79c8060283af2fe6
85,GROUP,GROUP_DECISION,REPAIRABLE,0,2056,39959,50,55,5,5,0x08be79c8060283af2fe6
86,EARLY,GROUP_DECISION,REPAIRABLE,1,2124,53178,50,51,1,1,0xf3afe904efd6eeb98af3
86,GROUP,GROUP_DECISION,REPAIRABLE,0,0,62700,50,55,5,5,0xf3afe904efd6eeb98af3
87,EARLY,GROUP_DECISION,REPAIRABLE,1,2052,50047,50,51,1,1,0x31ec072f40fc83fd00f2
87,GROUP,GROUP_DECISION,REPAIRABLE,0,0,4990,50,55,5,5,0x31ec072f40fc83fd00f2
88,EARLY,GROUP_DECISION,REPAIRABLE,1,2120,43192,50,51,1,1,0x700227002eff8011036b
88,GROUP,GROUP_DECISION,REPAIRABLE,0,0,45944,50,55,5,5,0x700227002eff8011036b
89,EARLY,GROUP_DECISION,REPAIRABLE,1,2120,37992,50,51,1,1,0xd1cd207c5a0e80110166
89,GROUP,GROUP_DECISION,REPAIRABLE,0,72,25704,50,55,5,5,0xd1cd207c5a0e80110166
90,EARLY,GROUP_DECISION,REPAIRABLE,1,2052,32562,50,51,1,1,0x30541f180072cca3001f
90,GROUP,GROUP_DECISION,REPAIRABLE,0,0,40753,50,55,5,5,0x30541f180072cca3001f
91,EARLY,GROUP_DECISION,UNREPAIRABLE_FULL_SEARCH,0,8,134,45,49,4,4,0xbcbc0003635aec0daeff
91,GROUP,GROUP_DECISION,REPAIRABLE,0,142,55178,50,55,5,5,0xbcbc0003635aec0daeff
92,EARLY,GROUP_DECISION,REPAIRABLE,1,2056,22134,50,51,1,1,0x002c0daddeffb40d7816
92,GROUP,GROUP_DECISION,REPAIRABLE,0,2048,22134,50,55,5,5,0x002c0daddeffb40d7816
93,EARLY,GROUP_DECISION,REPAIRABLE,1,2132,47933,50,51,1,1,0x949ef101c00e976feb6f
93,GROUP,GROUP_DECISION,REPAIRABLE,0,2064,47159,50,55,5,5,0x949ef101c00e976feb6f
94,EARLY,GROUP_DECISION,REPAIRABLE,1,2056,56402,50,51,1,1,0x08c4190016dcec050036
94,GROUP,GROUP_DECISION,REPAIRABLE,0,2048,56418,50,55,5,5,0x08c4190016dcec050036
95,EARLY,GROUP_DECISION,REPAIRABLE,1,2124,13981,50,51,1,1,0x300da00026bf8373480e
95,GROUP,GROUP_DECISION,REPAIRABLE,0,64,5721,50,55,5,5,0x300da00026bf8373480e
96,EARLY,GROUP_DECISION,REPAIRABLE,1,2116,20919,50,51,1,1,0x5f8073e9417881ef0356
96,GROUP,GROUP_DECISION,REPAIRABLE,0,0,10679,50,55,5,5,0x5f8073e9417881ef0356
97,EARLY,GROUP_DECISION,REPAIRABLE,1,2120,45889,50,51,1,1,0x0cdce9ced2b05c03ceee
97,GROUP,GROUP_DECISION,REPAIRABLE,0,2048,46161,50,55,5,5,0x0cdce9ced2b05c03ceee
98,EARLY,GROUP_DECISION,REPAIRABLE,1,2120,46107,50,51,1,1,0xb065207e460dec171cef
98,GROUP,GROUP_DECISION,REPAIRABLE,0,72,54299,50,55,5,5,0xb065207e460dec171cef
99,EARLY,GROUP_DECISION,REPAIRABLE,1,2116,21285,50,51,1,1,0x0014e3e8c05fa57ddf56
99,GROUP,GROUP_DECISION,REPAIRABLE,0,2048,20782,50,55,5,5,0x0014e3e8c05fa57ddf56
