metric,n2_rc_group_ca_live,n3_rc_group_ca_live,n3_over_n2_or_delta,unit_or_note
RS_CS,2/2,3/3,,topology
MAX_K,5,7,+2,pivots
hybrid_entries,7,17,+10,entries
analyzer_payload,272,524,+252,bits
pattern_id_width,4,6,+2,bits
group_store,80,112,+32,bits
reconstruction_retained,472,656,+184,bits
private_pivot_capture,440,616,+176,bits
config_evals_per_active_sa,4,4,0,configs
policy_latency,5,5,0,cycles
total_area,171399.415025,685591.004318,3.99996117x / +299.996117%,um2
GE,17175.6669,68702.0006,3.99996117x / +299.996117%,NAND2X1 equivalent
comb_area,138614.415895,640132.420814,4.61807970x / +361.807970%,um2
seq_area,32784.999130,45458.583504,1.38656656x / +38.656656%,um2
total_cells,7942,27448,3.45605641x / +245.605641%,report_area cells
critical_path,19.88,44.23,2.22484909x / +122.484909%,ns
design_wns,0.00,-24.41,-24.41,ns
critical_path_slack,+0.02,-24.41,-24.43,ns
setup_20ns,MET,FAILED,,raw DC result
