capacity,rows,columns,k,pattern_id,row_mask,column_mask,historical_nth_pattern_mask,derived_fixed_mask,match
3R3C,3,3,6,1,111000,000111,111000,111000,PASS
3R3C,3,3,6,2,110100,001011,110100,110100,PASS
3R3C,3,3,6,3,110010,001101,110010,110010,PASS
3R3C,3,3,6,4,110001,001110,110001,110001,PASS
3R3C,3,3,6,5,101100,010011,101100,101100,PASS
3R3C,3,3,6,6,101010,010101,101010,101010,PASS
3R3C,3,3,6,7,101001,010110,101001,101001,PASS
3R3C,3,3,6,8,100110,011001,100110,100110,PASS
3R3C,3,3,6,9,100101,011010,100101,100101,PASS
3R3C,3,3,6,10,100011,011100,100011,100011,PASS
3R3C,3,3,6,11,011100,100011,011100,011100,PASS
3R3C,3,3,6,12,011010,100101,011010,011010,PASS
3R3C,3,3,6,13,011001,100110,011001,011001,PASS
3R3C,3,3,6,14,010110,101001,010110,010110,PASS
3R3C,3,3,6,15,010101,101010,010101,010101,PASS
3R3C,3,3,6,16,010011,101100,010011,010011,PASS
3R3C,3,3,6,17,001110,110001,001110,001110,PASS
3R3C,3,3,6,18,001101,110010,001101,001101,PASS
3R3C,3,3,6,19,001011,110100,001011,001011,PASS
3R3C,3,3,6,20,000111,111000,000111,000111,PASS
3R2C,3,2,5,1,11100,00011,11100,11100,PASS
3R2C,3,2,5,2,11010,00101,11010,11010,PASS
3R2C,3,2,5,3,11001,00110,11001,11001,PASS
3R2C,3,2,5,4,10110,01001,10110,10110,PASS
3R2C,3,2,5,5,10101,01010,10101,10101,PASS
3R2C,3,2,5,6,10011,01100,10011,10011,PASS
3R2C,3,2,5,7,01110,10001,01110,01110,PASS
3R2C,3,2,5,8,01101,10010,01101,01101,PASS
3R2C,3,2,5,9,01011,10100,01011,01011,PASS
3R2C,3,2,5,10,00111,11000,00111,00111,PASS
4R3C,4,3,7,1,1111000,0000111,1111000,1111000,PASS
4R3C,4,3,7,2,1110100,0001011,1110100,1110100,PASS
4R3C,4,3,7,3,1110010,0001101,1110010,1110010,PASS
4R3C,4,3,7,4,1110001,0001110,1110001,1110001,PASS
4R3C,4,3,7,5,1101100,0010011,1101100,1101100,PASS
4R3C,4,3,7,6,1101010,0010101,1101010,1101010,PASS
4R3C,4,3,7,7,1101001,0010110,1101001,1101001,PASS
4R3C,4,3,7,8,1100110,0011001,1100110,1100110,PASS
4R3C,4,3,7,9,1100101,0011010,1100101,1100101,PASS
4R3C,4,3,7,10,1100011,0011100,1100011,1100011,PASS
4R3C,4,3,7,11,1011100,0100011,1011100,1011100,PASS
4R3C,4,3,7,12,1011010,0100101,1011010,1011010,PASS
4R3C,4,3,7,13,1011001,0100110,1011001,1011001,PASS
4R3C,4,3,7,14,1010110,0101001,1010110,1010110,PASS
4R3C,4,3,7,15,1010101,0101010,1010101,1010101,PASS
4R3C,4,3,7,16,1010011,0101100,1010011,1010011,PASS
4R3C,4,3,7,17,1001110,0110001,1001110,1001110,PASS
4R3C,4,3,7,18,1001101,0110010,1001101,1001101,PASS
4R3C,4,3,7,19,1001011,0110100,1001011,1001011,PASS
4R3C,4,3,7,20,1000111,0111000,1000111,1000111,PASS
4R3C,4,3,7,21,0111100,1000011,0111100,0111100,PASS
4R3C,4,3,7,22,0111010,1000101,0111010,0111010,PASS
4R3C,4,3,7,23,0111001,1000110,0111001,0111001,PASS
4R3C,4,3,7,24,0110110,1001001,0110110,0110110,PASS
4R3C,4,3,7,25,0110101,1001010,0110101,0110101,PASS
4R3C,4,3,7,26,0110011,1001100,0110011,0110011,PASS
4R3C,4,3,7,27,0101110,1010001,0101110,0101110,PASS
4R3C,4,3,7,28,0101101,1010010,0101101,0101101,PASS
4R3C,4,3,7,29,0101011,1010100,0101011,0101011,PASS
4R3C,4,3,7,30,0100111,1011000,0100111,0100111,PASS
4R3C,4,3,7,31,0011110,1100001,0011110,0011110,PASS
4R3C,4,3,7,32,0011101,1100010,0011101,0011101,PASS
4R3C,4,3,7,33,0011011,1100100,0011011,0011011,PASS
4R3C,4,3,7,34,0010111,1101000,0010111,0010111,PASS
4R3C,4,3,7,35,0001111,1110000,0001111,0001111,PASS
4R2C,4,2,6,1,111100,000011,111100,111100,PASS
4R2C,4,2,6,2,111010,000101,111010,111010,PASS
4R2C,4,2,6,3,111001,000110,111001,111001,PASS
4R2C,4,2,6,4,110110,001001,110110,110110,PASS
4R2C,4,2,6,5,110101,001010,110101,110101,PASS
4R2C,4,2,6,6,110011,001100,110011,110011,PASS
4R2C,4,2,6,7,101110,010001,101110,101110,PASS
4R2C,4,2,6,8,101101,010010,101101,101101,PASS
4R2C,4,2,6,9,101011,010100,101011,101011,PASS
4R2C,4,2,6,10,100111,011000,100111,100111,PASS
4R2C,4,2,6,11,011110,100001,011110,011110,PASS
4R2C,4,2,6,12,011101,100010,011101,011101,PASS
4R2C,4,2,6,13,011011,100100,011011,011011,PASS
4R2C,4,2,6,14,010111,101000,010111,010111,PASS
4R2C,4,2,6,15,001111,110000,001111,001111,PASS
