PathID,A_action,B_action,C_action,D_action,AB_edge_state,BC_edge_state,CD_edge_state,A_dense,B_dense,C_dense,D_dense
0,LOCAL,LOCAL,LOCAL,LOCAL,0,0,0,2R2C,2R2C,2R2C,2R2C
1,RELEASE,LOCAL,LOCAL,LOCAL,1,0,0,1R2C,2R2C,2R2C,2R2C
2,LOCAL,RELEASE,LOCAL,LOCAL,0,1,0,2R2C,1R2C,2R2C,2R2C
3,RELEASE,RELEASE,LOCAL,LOCAL,1,1,0,1R2C,1R2C,2R2C,2R2C
4,RELEASE,BORROW,LOCAL,LOCAL,2,0,0,1R2C,3R2C,2R2C,2R2C
5,RELEASE,RELEASE_BORROW,LOCAL,LOCAL,2,1,0,1R2C,2R2C,2R2C,2R2C
6,LOCAL,LOCAL,RELEASE,LOCAL,0,0,1,2R2C,2R2C,1R2C,2R2C
7,RELEASE,LOCAL,RELEASE,LOCAL,1,0,1,1R2C,2R2C,1R2C,2R2C
8,LOCAL,RELEASE,RELEASE,LOCAL,0,1,1,2R2C,1R2C,1R2C,2R2C
9,RELEASE,RELEASE,RELEASE,LOCAL,1,1,1,1R2C,1R2C,1R2C,2R2C
10,RELEASE,BORROW,RELEASE,LOCAL,2,0,1,1R2C,3R2C,1R2C,2R2C
11,RELEASE,RELEASE_BORROW,RELEASE,LOCAL,2,1,1,1R2C,2R2C,1R2C,2R2C
12,LOCAL,RELEASE,BORROW,LOCAL,0,2,0,2R2C,1R2C,3R2C,2R2C
13,RELEASE,RELEASE,BORROW,LOCAL,1,2,0,1R2C,1R2C,3R2C,2R2C
14,RELEASE,RELEASE_BORROW,BORROW,LOCAL,2,2,0,1R2C,2R2C,3R2C,2R2C
15,LOCAL,RELEASE,RELEASE_BORROW,LOCAL,0,2,1,2R2C,1R2C,2R2C,2R2C
16,RELEASE,RELEASE,RELEASE_BORROW,LOCAL,1,2,1,1R2C,1R2C,2R2C,2R2C
17,RELEASE,RELEASE_BORROW,RELEASE_BORROW,LOCAL,2,2,1,1R2C,2R2C,2R2C,2R2C
18,LOCAL,LOCAL,RELEASE,BORROW,0,0,2,2R2C,2R2C,1R2C,3R2C
19,RELEASE,LOCAL,RELEASE,BORROW,1,0,2,1R2C,2R2C,1R2C,3R2C
20,LOCAL,RELEASE,RELEASE,BORROW,0,1,2,2R2C,1R2C,1R2C,3R2C
21,RELEASE,RELEASE,RELEASE,BORROW,1,1,2,1R2C,1R2C,1R2C,3R2C
22,RELEASE,BORROW,RELEASE,BORROW,2,0,2,1R2C,3R2C,1R2C,3R2C
23,RELEASE,RELEASE_BORROW,RELEASE,BORROW,2,1,2,1R2C,2R2C,1R2C,3R2C
24,LOCAL,RELEASE,RELEASE_BORROW,BORROW,0,2,2,2R2C,1R2C,2R2C,3R2C
25,RELEASE,RELEASE,RELEASE_BORROW,BORROW,1,2,2,1R2C,1R2C,2R2C,3R2C
26,RELEASE,RELEASE_BORROW,RELEASE_BORROW,BORROW,2,2,2,1R2C,2R2C,2R2C,3R2C
