path_index,sa0_slot_action,sa0_config,sa1_slot_action,sa1_config,sa2_slot_action,sa2_config,sa3_slot_action,sa3_config
0,L,0,L,0,L,0,L,0
1,R,4,L,0,L,0,L,0
2,L,0,R,1,L,0,L,0
3,R,4,R,1,L,0,L,0
4,B,5,R,1,L,0,L,0
5,RB,6,R,1,L,0,L,0
6,L,0,L,0,R,1,L,0
7,R,4,L,0,R,1,L,0
8,L,0,R,1,R,1,L,0
9,R,4,R,1,R,1,L,0
10,B,5,R,1,R,1,L,0
11,RB,6,R,1,R,1,L,0
12,R,4,L,0,B,2,L,0
13,R,4,R,1,B,2,L,0
14,RB,6,R,1,B,2,L,0
15,R,4,L,0,RB,3,L,0
16,R,4,R,1,RB,3,L,0
17,RB,6,R,1,RB,3,L,0
18,L,0,L,0,L,0,R,4
19,R,4,L,0,L,0,R,4
20,L,0,R,1,L,0,R,4
21,R,4,R,1,L,0,R,4
22,B,5,R,1,L,0,R,4
23,RB,6,R,1,L,0,R,4
24,L,0,B,2,L,0,R,4
25,R,4,B,2,L,0,R,4
26,L,0,RB,3,L,0,R,4
27,R,4,RB,3,L,0,R,4
28,B,5,RB,3,L,0,R,4
29,RB,6,RB,3,L,0,R,4
30,L,0,L,0,R,1,R,4
31,R,4,L,0,R,1,R,4
32,L,0,R,1,R,1,R,4
33,R,4,R,1,R,1,R,4
34,B,5,R,1,R,1,R,4
35,RB,6,R,1,R,1,R,4
36,L,0,B,2,R,1,R,4
37,R,4,B,2,R,1,R,4
38,L,0,RB,3,R,1,R,4
39,R,4,RB,3,R,1,R,4
40,B,5,RB,3,R,1,R,4
41,RB,6,RB,3,R,1,R,4
42,R,4,L,0,B,2,R,4
43,R,4,R,1,B,2,R,4
44,RB,6,R,1,B,2,R,4
45,R,4,B,2,B,2,R,4
46,R,4,RB,3,B,2,R,4
47,RB,6,RB,3,B,2,R,4
48,R,4,L,0,RB,3,R,4
49,R,4,R,1,RB,3,R,4
50,RB,6,R,1,RB,3,R,4
51,R,4,B,2,RB,3,R,4
52,R,4,RB,3,RB,3,R,4
53,RB,6,RB,3,RB,3,R,4
54,L,0,L,0,R,1,B,5
55,R,4,L,0,R,1,B,5
56,L,0,R,1,R,1,B,5
57,R,4,R,1,R,1,B,5
58,B,5,R,1,R,1,B,5
59,RB,6,R,1,R,1,B,5
60,R,4,L,0,RB,3,B,5
61,R,4,R,1,RB,3,B,5
62,RB,6,R,1,RB,3,B,5
63,L,0,L,0,R,1,RB,6
64,R,4,L,0,R,1,RB,6
65,L,0,R,1,R,1,RB,6
66,R,4,R,1,R,1,RB,6
67,B,5,R,1,R,1,RB,6
68,RB,6,R,1,R,1,RB,6
69,L,0,B,2,R,1,RB,6
70,R,4,B,2,R,1,RB,6
71,L,0,RB,3,R,1,RB,6
72,R,4,RB,3,R,1,RB,6
73,B,5,RB,3,R,1,RB,6
74,RB,6,RB,3,R,1,RB,6
75,R,4,L,0,RB,3,RB,6
76,R,4,R,1,RB,3,RB,6
77,RB,6,R,1,RB,3,RB,6
78,R,4,B,2,RB,3,RB,6
79,R,4,RB,3,RB,3,RB,6
80,RB,6,RB,3,RB,3,RB,6
