rank,sample_id,exposed_latency,hidden_slack,critical_sa,fault_count_A,fault_count_B,fault_count_C,fault_count_D,last_fault_accept_A,last_fault_accept_B,last_fault_accept_C,last_fault_accept_D,candidate_ready_A,candidate_ready_B,candidate_ready_C,candidate_ready_D,ownership_wait_A,ownership_wait_B,ownership_wait_C,ownership_wait_D,critical_last_fault_row,critical_last_fault_column
1,89,4,-4,D,7,7,7,7,14674,27854,44775,65536,14678,27858,44779,65540,0,0,0,0,511,7962
2,3502,4,-4,D,7,7,7,7,11300,29155,47385,65536,11304,29159,47389,65540,0,0,0,0,511,8019
3,5713,4,-4,D,7,7,7,7,15933,32265,48329,65536,15937,32269,48333,65540,0,0,0,0,511,8103
4,6564,4,-4,D,7,7,7,7,14912,32058,48798,65536,14916,32062,48802,65540,0,0,0,0,511,7964
5,6827,4,-4,D,7,7,7,7,6967,31242,48323,65536,6971,31246,48327,65540,0,0,0,0,511,8136
6,8755,4,-4,D,7,7,7,7,9343,29666,45852,65536,9347,29670,45856,65540,0,0,0,0,511,8009
7,9129,4,-4,D,7,7,7,7,14799,29814,42327,65536,14803,29818,42331,65540,0,0,0,0,511,7981
8,3040,3,-3,D,7,7,7,7,14771,31751,44898,65535,14775,31755,44902,65539,0,0,0,0,511,7880
9,4288,3,-3,D,7,7,7,7,13274,28569,47879,65535,13278,28573,47883,65539,0,0,0,0,511,7736
10,4335,3,-3,D,7,7,7,7,15568,32403,48779,65535,15572,32407,48783,65539,0,0,0,0,511,7825
