policy,G,repairability,N,mean_Lpost,P50_Lpost,P95_Lpost,max_Lpost,zero_latency_fraction,mean_Llast_fault
EARLY,0,repairable,9951,4.002010,4.000000,4.000000,6,0.000000,4.002010
EARLY,0,unrepairable,49,5.530612,5.000000,7.000000,7,0.000000,5.530612
EARLY,1,repairable,9951,3.002010,3.000000,3.000000,5,0.000000,4.002010
EARLY,1,unrepairable,49,4.530612,4.000000,6.000000,6,0.000000,5.530612
EARLY,2,repairable,9951,2.002010,2.000000,2.000000,4,0.000000,4.002010
EARLY,2,unrepairable,49,3.530612,3.000000,5.000000,5,0.000000,5.530612
EARLY,3,repairable,9951,1.002010,1.000000,1.000000,3,0.000000,4.002010
EARLY,3,unrepairable,49,2.530612,2.000000,4.000000,4,0.000000,5.530612
EARLY,4,repairable,9951,0.002010,0.000000,0.000000,2,0.998794,4.002010
EARLY,4,unrepairable,49,1.530612,1.000000,3.000000,3,0.204082,5.530612
EARLY,5,repairable,9951,0.000804,0.000000,0.000000,1,0.999196,4.002010
EARLY,5,unrepairable,49,0.734694,0.000000,2.000000,2,0.530612,5.530612
EARLY,6,repairable,9951,0.000000,0.000000,0.000000,0,1.000000,4.002010
EARLY,6,unrepairable,49,0.265306,0.000000,1.000000,1,0.734694,5.530612
EARLY,7,repairable,9951,0.000000,0.000000,0.000000,0,1.000000,4.002010
EARLY,7,unrepairable,49,0.000000,0.000000,0.000000,0,1.000000,5.530612
EARLY,8,repairable,9951,0.000000,0.000000,0.000000,0,1.000000,4.002010
EARLY,8,unrepairable,49,0.000000,0.000000,0.000000,0,1.000000,5.530612
EARLY,9,repairable,9951,0.000000,0.000000,0.000000,0,1.000000,4.002010
EARLY,9,unrepairable,49,0.000000,0.000000,0.000000,0,1.000000,5.530612
EARLY,10,repairable,9951,0.000000,0.000000,0.000000,0,1.000000,4.002010
EARLY,10,unrepairable,49,0.000000,0.000000,0.000000,0,1.000000,5.530612
EARLY,11,repairable,9951,0.000000,0.000000,0.000000,0,1.000000,4.002010
EARLY,11,unrepairable,49,0.000000,0.000000,0.000000,0,1.000000,5.530612
EARLY,12,repairable,9951,0.000000,0.000000,0.000000,0,1.000000,4.002010
EARLY,12,unrepairable,49,0.000000,0.000000,0.000000,0,1.000000,5.530612
EARLY,13,repairable,9951,0.000000,0.000000,0.000000,0,1.000000,4.002010
EARLY,13,unrepairable,49,0.000000,0.000000,0.000000,0,1.000000,5.530612
EARLY,14,repairable,9951,0.000000,0.000000,0.000000,0,1.000000,4.002010
EARLY,14,unrepairable,49,0.000000,0.000000,0.000000,0,1.000000,5.530612
EARLY,15,repairable,9951,0.000000,0.000000,0.000000,0,1.000000,4.002010
EARLY,15,unrepairable,49,0.000000,0.000000,0.000000,0,1.000000,5.530612
EARLY,16,repairable,9951,0.000000,0.000000,0.000000,0,1.000000,4.002010
EARLY,16,unrepairable,49,0.000000,0.000000,0.000000,0,1.000000,5.530612
EARLY,17,repairable,9951,0.000000,0.000000,0.000000,0,1.000000,4.002010
EARLY,17,unrepairable,49,0.000000,0.000000,0.000000,0,1.000000,5.530612
EARLY,18,repairable,9951,0.000000,0.000000,0.000000,0,1.000000,4.002010
EARLY,18,unrepairable,49,0.000000,0.000000,0.000000,0,1.000000,5.530612
EARLY,19,repairable,9951,0.000000,0.000000,0.000000,0,1.000000,4.002010
EARLY,19,unrepairable,49,0.000000,0.000000,0.000000,0,1.000000,5.530612
EARLY,20,repairable,9951,0.000000,0.000000,0.000000,0,1.000000,4.002010
EARLY,20,unrepairable,49,0.000000,0.000000,0.000000,0,1.000000,5.530612
EARLY,21,repairable,9951,0.000000,0.000000,0.000000,0,1.000000,4.002010
EARLY,21,unrepairable,49,0.000000,0.000000,0.000000,0,1.000000,5.530612
EARLY,22,repairable,9951,0.000000,0.000000,0.000000,0,1.000000,4.002010
EARLY,22,unrepairable,49,0.000000,0.000000,0.000000,0,1.000000,5.530612
EARLY,23,repairable,9951,0.000000,0.000000,0.000000,0,1.000000,4.002010
EARLY,23,unrepairable,49,0.000000,0.000000,0.000000,0,1.000000,5.530612
EARLY,24,repairable,9951,0.000000,0.000000,0.000000,0,1.000000,4.002010
EARLY,24,unrepairable,49,0.000000,0.000000,0.000000,0,1.000000,5.530612
EARLY,25,repairable,9951,0.000000,0.000000,0.000000,0,1.000000,4.002010
EARLY,25,unrepairable,49,0.000000,0.000000,0.000000,0,1.000000,5.530612
EARLY,26,repairable,9951,0.000000,0.000000,0.000000,0,1.000000,4.002010
EARLY,26,unrepairable,49,0.000000,0.000000,0.000000,0,1.000000,5.530612
EARLY,27,repairable,9951,0.000000,0.000000,0.000000,0,1.000000,4.002010
EARLY,27,unrepairable,49,0.000000,0.000000,0.000000,0,1.000000,5.530612
EARLY,28,repairable,9951,0.000000,0.000000,0.000000,0,1.000000,4.002010
EARLY,28,unrepairable,49,0.000000,0.000000,0.000000,0,1.000000,5.530612
EARLY,29,repairable,9951,0.000000,0.000000,0.000000,0,1.000000,4.002010
EARLY,29,unrepairable,49,0.000000,0.000000,0.000000,0,1.000000,5.530612
EARLY,30,repairable,9951,0.000000,0.000000,0.000000,0,1.000000,4.002010
EARLY,30,unrepairable,49,0.000000,0.000000,0.000000,0,1.000000,5.530612
EARLY,31,repairable,9951,0.000000,0.000000,0.000000,0,1.000000,4.002010
EARLY,31,unrepairable,49,0.000000,0.000000,0.000000,0,1.000000,5.530612
EARLY,32,repairable,9951,0.000000,0.000000,0.000000,0,1.000000,4.002010
EARLY,32,unrepairable,49,0.000000,0.000000,0.000000,0,1.000000,5.530612
GROUP_NO_SCRATCH,0,repairable,9988,20.315178,20.000000,21.000000,23,0.000000,20.315178
GROUP_NO_SCRATCH,0,unrepairable,12,20.666667,20.000000,24.000000,24,0.000000,20.666667
GROUP_NO_SCRATCH,1,repairable,9988,19.315178,19.000000,20.000000,22,0.000000,20.315178
GROUP_NO_SCRATCH,1,unrepairable,12,19.666667,19.000000,23.000000,23,0.000000,20.666667
GROUP_NO_SCRATCH,2,repairable,9988,18.315178,18.000000,19.000000,21,0.000000,20.315178
GROUP_NO_SCRATCH,2,unrepairable,12,18.666667,18.000000,22.000000,22,0.000000,20.666667
GROUP_NO_SCRATCH,3,repairable,9988,17.315178,17.000000,18.000000,20,0.000000,20.315178
GROUP_NO_SCRATCH,3,unrepairable,12,17.666667,17.000000,21.000000,21,0.000000,20.666667
GROUP_NO_SCRATCH,4,repairable,9988,16.315178,16.000000,17.000000,19,0.000000,20.315178
GROUP_NO_SCRATCH,4,unrepairable,12,16.666667,16.000000,20.000000,20,0.000000,20.666667
GROUP_NO_SCRATCH,5,repairable,9988,15.315178,15.000000,16.000000,18,0.000000,20.315178
GROUP_NO_SCRATCH,5,unrepairable,12,15.666667,15.000000,19.000000,19,0.000000,20.666667
GROUP_NO_SCRATCH,6,repairable,9988,14.315178,14.000000,15.000000,17,0.000000,20.315178
GROUP_NO_SCRATCH,6,unrepairable,12,14.666667,14.000000,18.000000,18,0.000000,20.666667
GROUP_NO_SCRATCH,7,repairable,9988,13.315178,13.000000,14.000000,16,0.000000,20.315178
GROUP_NO_SCRATCH,7,unrepairable,12,13.666667,13.000000,17.000000,17,0.000000,20.666667
GROUP_NO_SCRATCH,8,repairable,9988,12.315178,12.000000,13.000000,15,0.000000,20.315178
GROUP_NO_SCRATCH,8,unrepairable,12,12.666667,12.000000,16.000000,16,0.000000,20.666667
GROUP_NO_SCRATCH,9,repairable,9988,11.315178,11.000000,12.000000,14,0.000000,20.315178
GROUP_NO_SCRATCH,9,unrepairable,12,11.666667,11.000000,15.000000,15,0.000000,20.666667
GROUP_NO_SCRATCH,10,repairable,9988,10.315178,10.000000,11.000000,13,0.000000,20.315178
GROUP_NO_SCRATCH,10,unrepairable,12,10.666667,10.000000,14.000000,14,0.000000,20.666667
GROUP_NO_SCRATCH,11,repairable,9988,9.315178,9.000000,10.000000,12,0.000000,20.315178
GROUP_NO_SCRATCH,11,unrepairable,12,9.666667,9.000000,13.000000,13,0.000000,20.666667
GROUP_NO_SCRATCH,12,repairable,9988,8.315178,8.000000,9.000000,11,0.000000,20.315178
GROUP_NO_SCRATCH,12,unrepairable,12,8.666667,8.000000,12.000000,12,0.000000,20.666667
GROUP_NO_SCRATCH,13,repairable,9988,7.315178,7.000000,8.000000,10,0.000000,20.315178
GROUP_NO_SCRATCH,13,unrepairable,12,7.666667,7.000000,11.000000,11,0.000000,20.666667
GROUP_NO_SCRATCH,14,repairable,9988,6.315178,6.000000,7.000000,9,0.000000,20.315178
GROUP_NO_SCRATCH,14,unrepairable,12,6.666667,6.000000,10.000000,10,0.000000,20.666667
GROUP_NO_SCRATCH,15,repairable,9988,5.315178,5.000000,6.000000,8,0.000000,20.315178
GROUP_NO_SCRATCH,15,unrepairable,12,5.666667,5.000000,9.000000,9,0.000000,20.666667
GROUP_NO_SCRATCH,16,repairable,9988,4.315178,4.000000,5.000000,7,0.000000,20.315178
GROUP_NO_SCRATCH,16,unrepairable,12,4.666667,4.000000,8.000000,8,0.000000,20.666667
GROUP_NO_SCRATCH,17,repairable,9988,3.315178,3.000000,4.000000,6,0.000000,20.315178
GROUP_NO_SCRATCH,17,unrepairable,12,3.666667,3.000000,7.000000,7,0.000000,20.666667
GROUP_NO_SCRATCH,18,repairable,9988,2.315178,2.000000,3.000000,5,0.000000,20.315178
GROUP_NO_SCRATCH,18,unrepairable,12,2.666667,2.000000,6.000000,6,0.000000,20.666667
GROUP_NO_SCRATCH,19,repairable,9988,1.315178,1.000000,2.000000,4,0.000000,20.315178
GROUP_NO_SCRATCH,19,unrepairable,12,1.666667,1.000000,5.000000,5,0.000000,20.666667
GROUP_NO_SCRATCH,20,repairable,9988,0.315178,0.000000,1.000000,3,0.721666,20.315178
GROUP_NO_SCRATCH,20,unrepairable,12,0.666667,0.000000,4.000000,4,0.833333,20.666667
GROUP_NO_SCRATCH,21,repairable,9988,0.036844,0.000000,0.000000,2,0.965058,20.315178
GROUP_NO_SCRATCH,21,unrepairable,12,0.500000,0.000000,3.000000,3,0.833333,20.666667
GROUP_NO_SCRATCH,22,repairable,9988,0.001902,0.000000,0.000000,1,0.998098,20.315178
GROUP_NO_SCRATCH,22,unrepairable,12,0.333333,0.000000,2.000000,2,0.833333,20.666667
GROUP_NO_SCRATCH,23,repairable,9988,0.000000,0.000000,0.000000,0,1.000000,20.315178
GROUP_NO_SCRATCH,23,unrepairable,12,0.166667,0.000000,1.000000,1,0.833333,20.666667
GROUP_NO_SCRATCH,24,repairable,9988,0.000000,0.000000,0.000000,0,1.000000,20.315178
GROUP_NO_SCRATCH,24,unrepairable,12,0.000000,0.000000,0.000000,0,1.000000,20.666667
GROUP_NO_SCRATCH,25,repairable,9988,0.000000,0.000000,0.000000,0,1.000000,20.315178
GROUP_NO_SCRATCH,25,unrepairable,12,0.000000,0.000000,0.000000,0,1.000000,20.666667
GROUP_NO_SCRATCH,26,repairable,9988,0.000000,0.000000,0.000000,0,1.000000,20.315178
GROUP_NO_SCRATCH,26,unrepairable,12,0.000000,0.000000,0.000000,0,1.000000,20.666667
GROUP_NO_SCRATCH,27,repairable,9988,0.000000,0.000000,0.000000,0,1.000000,20.315178
GROUP_NO_SCRATCH,27,unrepairable,12,0.000000,0.000000,0.000000,0,1.000000,20.666667
GROUP_NO_SCRATCH,28,repairable,9988,0.000000,0.000000,0.000000,0,1.000000,20.315178
GROUP_NO_SCRATCH,28,unrepairable,12,0.000000,0.000000,0.000000,0,1.000000,20.666667
GROUP_NO_SCRATCH,29,repairable,9988,0.000000,0.000000,0.000000,0,1.000000,20.315178
GROUP_NO_SCRATCH,29,unrepairable,12,0.000000,0.000000,0.000000,0,1.000000,20.666667
GROUP_NO_SCRATCH,30,repairable,9988,0.000000,0.000000,0.000000,0,1.000000,20.315178
GROUP_NO_SCRATCH,30,unrepairable,12,0.000000,0.000000,0.000000,0,1.000000,20.666667
GROUP_NO_SCRATCH,31,repairable,9988,0.000000,0.000000,0.000000,0,1.000000,20.315178
GROUP_NO_SCRATCH,31,unrepairable,12,0.000000,0.000000,0.000000,0,1.000000,20.666667
GROUP_NO_SCRATCH,32,repairable,9988,0.000000,0.000000,0.000000,0,1.000000,20.315178
GROUP_NO_SCRATCH,32,unrepairable,12,0.000000,0.000000,0.000000,0,1.000000,20.666667
