case,cycle,last_fault_event,BIST_end_marker,current_sa,current_slot,current_config,local_candidate_valid,sa_commit_bitmap,ledger,done
E1,20,1,1,0,0,0,1,0,0,0
E1,21,0,0,1,0,0,1,1,0,0
E1,22,0,0,2,0,0,1,3,0,0
E1,23,0,0,3,0,0,1,7,0,0
E1,24,0,0,3,0,0,1,15,0,1
E2,20,1,0,0,0,0,1,0,0,0
E2,21,0,0,1,0,0,1,1,0,0
E2,22,0,0,2,0,0,1,3,0,0
E2,23,0,0,3,0,0,1,7,0,0
E2,24,0,1,3,0,0,1,15,0,1
E3,20,1,0,0,0,0,1,0,0,0
E3,21,0,0,1,0,0,1,1,0,0
E3,22,0,1,2,0,0,1,3,0,0
E3,23,0,0,3,0,0,1,7,0,0
E3,24,0,0,3,0,0,1,15,0,1
E4,20,1,1,0,0,0,1,0,0,0
E4,21,0,0,1,0,0,1,1,0,0
E4,22,0,0,1,0,2,0,1,0,0
E4,23,0,0,1,0,1,0,1,0,0
E4,24,0,0,1,0,3,0,1,0,0
E4,25,0,0,1,0,3,0,1,0,1
G1,20,1,1,0,0,0,1,0,0,0
G1,21,0,0,0,1,4,1,0,0,0
G1,22,0,0,0,2,5,1,0,0,0
G1,23,0,0,0,3,6,1,0,0,0
G1,24,0,0,1,0,0,1,0,0,0
G1,25,0,0,1,1,1,1,0,0,0
G1,26,0,0,1,2,2,1,0,0,0
G1,27,0,0,1,3,3,1,0,0,0
G1,28,0,0,2,0,0,1,0,0,0
G1,29,0,0,2,1,1,1,0,0,0
G1,30,0,0,2,2,2,1,0,0,0
G1,31,0,0,2,3,3,1,0,0,0
G1,32,0,0,3,0,0,1,0,0,0
G1,33,0,0,3,1,4,1,0,0,0
G1,34,0,0,3,2,5,1,0,0,0
G1,35,0,0,3,3,6,1,0,0,0
G1,36,0,0,0,1,4,1,0,0,0
G1,37,0,0,1,1,1,1,1,1,0
G1,38,0,0,2,1,1,1,3,5,0
G1,39,0,0,3,1,4,1,7,13,0
G1,40,0,0,3,1,4,1,15,15,1
G2,20,1,0,0,0,0,1,0,0,0
G2,21,0,0,0,1,4,1,0,0,0
G2,22,0,0,0,2,5,1,0,0,0
G2,23,0,0,0,3,6,1,0,0,0
G2,24,0,0,1,0,0,1,0,0,0
G2,25,0,0,1,1,1,1,0,0,0
G2,26,0,0,1,2,2,1,0,0,0
G2,27,0,0,1,3,3,1,0,0,0
G2,28,0,0,2,0,0,1,0,0,0
G2,29,0,0,2,1,1,1,0,0,0
G2,30,0,0,2,2,2,1,0,0,0
G2,31,0,0,2,3,3,1,0,0,0
G2,32,0,0,3,0,0,1,0,0,0
G2,33,0,0,3,1,4,1,0,0,0
G2,34,0,0,3,2,5,1,0,0,0
G2,35,0,0,3,3,6,1,0,0,0
G2,36,0,0,0,1,4,1,0,0,0
G2,37,0,0,1,1,1,1,1,1,0
G2,38,0,0,2,1,1,1,3,5,0
G2,39,0,0,3,1,4,1,7,13,0
G2,40,0,1,3,1,4,1,15,15,1
G3,20,1,0,0,0,0,1,0,0,0
G3,21,0,0,0,1,4,1,0,0,0
G3,22,0,0,0,2,5,1,0,0,0
G3,23,0,0,0,3,6,1,0,0,0
G3,24,0,0,1,0,0,1,0,0,0
G3,25,0,0,1,1,1,1,0,0,0
G3,26,0,0,1,2,2,1,0,0,0
G3,27,0,0,1,3,3,1,0,0,0
G3,28,0,0,2,0,0,1,0,0,0
G3,29,0,0,2,1,1,1,0,0,0
G3,30,0,0,2,2,2,1,0,0,0
G3,31,0,0,2,3,3,1,0,0,0
G3,32,0,0,3,0,0,1,0,0,0
G3,33,0,0,3,1,4,1,0,0,0
G3,34,0,0,3,2,5,1,0,0,0
G3,35,0,0,3,3,6,1,0,0,0
G3,36,0,1,0,1,4,1,0,0,0
G3,37,0,0,1,1,1,1,1,1,0
G3,38,0,0,2,1,1,1,3,5,0
G3,39,0,0,3,1,4,1,7,13,0
G3,40,0,0,3,1,4,1,15,15,1
G4,20,1,1,0,0,0,1,0,0,0
G4,21,0,0,0,1,4,1,0,0,0
G4,22,0,0,0,2,5,1,0,0,0
G4,23,0,0,0,3,6,1,0,0,0
G4,24,0,0,1,0,0,1,0,0,0
G4,25,0,0,1,1,1,0,0,0,0
G4,26,0,0,1,2,2,0,0,0,0
G4,27,0,0,1,3,3,0,0,0,0
G4,28,0,0,2,0,0,0,0,0,0
G4,29,0,0,2,1,1,0,0,0,0
G4,30,0,0,2,2,2,0,0,0,0
G4,31,0,0,2,3,3,0,0,0,0
G4,32,0,0,3,0,0,0,0,0,0
G4,33,0,0,3,1,4,0,0,0,0
G4,34,0,0,3,2,5,0,0,0,0
G4,35,0,0,3,3,6,0,0,0,0
G4,36,0,0,0,1,4,0,0,0,0
G4,37,0,0,1,1,1,1,1,1,0
G4,38,0,0,1,0,0,0,1,1,0
G4,39,0,0,1,3,3,0,1,1,0
G4,40,0,0,1,2,2,0,1,1,0
G4,41,0,0,1,2,2,0,1,1,1
