point,policy,topology,RS,CS,m,F_GROUP,seed,N,status,source_path,source_file_sha256,raw_sidecar_path,corpus_path,policy_corpus_path,corpus_id,result_policy_id,classification
n3_f12,directional_m1_early,directional,3,3,1,12,20263934,100000,COMPLETE,/home/asd9112000/repair_rate/results/date2026/repair_rate/r3_formal_group/raw/n3_f12/directional_m1_early/summary.csv,06248ffbd2fb5f65478dc40d6e8cded300f8feb9cc3b0fb0844771a4de7754cb,/home/asd9112000/repair_rate/results/date2026/repair_rate/r3_formal_group/raw/n3_f12/directional_m1_early/paired_policy_results_v1.csv,/home/asd9112000/repair_rate/results/date2026/repair_rate/r3_formal_group/corpus/n3_f12/paired_corpus_v1.csv,/home/asd9112000/repair_rate/results/date2026/repair_rate/r3_formal_group/raw/n3_f12/directional_m1_early/paired_corpus_v1.csv,dss_paired_corpus_v1-5133d229dc269f7a,directional_m1_early,FROZEN_FORMAL
n3_f12,directional_m1_group_global,directional,3,3,1,12,20263934,100000,COMPLETE,/home/asd9112000/repair_rate/results/date2026/repair_rate/r3_formal_group/raw/n3_f12/directional_m1_group_global/summary.csv,d0847219c0b3e3decae89060a92ea66cc9c26c7395669e53b0c46d4b6116486c,/home/asd9112000/repair_rate/results/date2026/repair_rate/r3_formal_group/raw/n3_f12/directional_m1_group_global/paired_policy_results_v1.csv,/home/asd9112000/repair_rate/results/date2026/repair_rate/r3_formal_group/corpus/n3_f12/paired_corpus_v1.csv,/home/asd9112000/repair_rate/results/date2026/repair_rate/r3_formal_group/raw/n3_f12/directional_m1_group_global/paired_corpus_v1.csv,dss_paired_corpus_v1-5133d229dc269f7a,directional_m1_group_global,FROZEN_FORMAL
n3_f12,directional_m1_group_greedy,directional,3,3,1,12,20263934,100000,COMPLETE,/home/asd9112000/repair_rate/results/date2026/repair_rate/r3_formal_group/raw/n3_f12/directional_m1_group_greedy/summary.csv,a74f90d01c4b742f923abff20fc4131548bac5232c8cef4fc9b653c208a4fc96,/home/asd9112000/repair_rate/results/date2026/repair_rate/r3_formal_group/raw/n3_f12/directional_m1_group_greedy/paired_policy_results_v1.csv,/home/asd9112000/repair_rate/results/date2026/repair_rate/r3_formal_group/corpus/n3_f12/paired_corpus_v1.csv,/home/asd9112000/repair_rate/results/date2026/repair_rate/r3_formal_group/raw/n3_f12/directional_m1_group_greedy/paired_corpus_v1.csv,dss_paired_corpus_v1-5133d229dc269f7a,directional_m1_group_greedy,FROZEN_FORMAL
n3_f12,local_no_sharing,none,3,3,1,12,20263934,100000,COMPLETE,/home/asd9112000/repair_rate/results/date2026/repair_rate/r3_formal_group/raw/n3_f12/local_no_sharing/summary.csv,bff3008463583d2c1c475f88592c543bae5929495b6a057442edade6b135df86,/home/asd9112000/repair_rate/results/date2026/repair_rate/r3_formal_group/raw/n3_f12/local_no_sharing/paired_policy_results_v1.csv,/home/asd9112000/repair_rate/results/date2026/repair_rate/r3_formal_group/corpus/n3_f12/paired_corpus_v1.csv,/home/asd9112000/repair_rate/results/date2026/repair_rate/r3_formal_group/raw/n3_f12/local_no_sharing/paired_corpus_v1.csv,dss_paired_corpus_v1-5133d229dc269f7a,local_no_sharing,FROZEN_FORMAL
n3_f12,pairwise_row_m1_early,edge,3,3,1,12,20263934,100000,COMPLETE,/home/asd9112000/repair_rate/results/date2026/repair_rate/r3_formal_group/raw/n3_f12/pairwise_row_m1_early/summary.csv,ca8b0eda01e77feaea5356dcdb61ab15f1c1d887db27c47b881851131db3c51c,/home/asd9112000/repair_rate/results/date2026/repair_rate/r3_formal_group/raw/n3_f12/pairwise_row_m1_early/paired_policy_results_v1.csv,/home/asd9112000/repair_rate/results/date2026/repair_rate/r3_formal_group/corpus/n3_f12/paired_corpus_v1.csv,/home/asd9112000/repair_rate/results/date2026/repair_rate/r3_formal_group/raw/n3_f12/pairwise_row_m1_early/paired_corpus_v1.csv,dss_paired_corpus_v1-5133d229dc269f7a,pairwise_row_m1_early,FROZEN_FORMAL
n3_f12,single_hop_m1_early,neighbor,3,3,1,12,20263934,100000,COMPLETE,/home/asd9112000/repair_rate/results/date2026/repair_rate/r3_formal_group/raw/n3_f12/single_hop_m1_early/summary.csv,6e81133b6563e6e578554b668ae7395c7d17046997d3ca1affd883c804809576,/home/asd9112000/repair_rate/results/date2026/repair_rate/r3_formal_group/raw/n3_f12/single_hop_m1_early/paired_policy_results_v1.csv,/home/asd9112000/repair_rate/results/date2026/repair_rate/r3_formal_group/corpus/n3_f12/paired_corpus_v1.csv,/home/asd9112000/repair_rate/results/date2026/repair_rate/r3_formal_group/raw/n3_f12/single_hop_m1_early/paired_corpus_v1.csv,dss_paired_corpus_v1-5133d229dc269f7a,single_hop_m1_early,FROZEN_FORMAL
n3_f12,single_hop_m1_global,neighbor,3,3,1,12,20263934,100000,COMPLETE,/home/asd9112000/repair_rate/results/date2026/repair_rate/r3_formal_group/raw/n3_f12/single_hop_m1_global/summary.csv,3272b8bb8a23858b3d9635f82263fe3a12c15c7d2fcf6cbd74c09e5de217ec80,/home/asd9112000/repair_rate/results/date2026/repair_rate/r3_formal_group/raw/n3_f12/single_hop_m1_global/paired_policy_results_v1.csv,/home/asd9112000/repair_rate/results/date2026/repair_rate/r3_formal_group/corpus/n3_f12/paired_corpus_v1.csv,/home/asd9112000/repair_rate/results/date2026/repair_rate/r3_formal_group/raw/n3_f12/single_hop_m1_global/paired_corpus_v1.csv,dss_paired_corpus_v1-5133d229dc269f7a,single_hop_m1_global,FROZEN_FORMAL
n3_f12,two_pairwise_m1_early,pair,3,3,1,12,20263934,100000,COMPLETE,/home/asd9112000/repair_rate/results/date2026/repair_rate/r3_formal_group/raw/n3_f12/two_pairwise_m1_early/summary.csv,6ab7e3a1ca63c7a6a55a69b171d5339f0d9626e038ccc1c2e9aeda80b638b970,/home/asd9112000/repair_rate/results/date2026/repair_rate/r3_formal_group/raw/n3_f12/two_pairwise_m1_early/paired_policy_results_v1.csv,/home/asd9112000/repair_rate/results/date2026/repair_rate/r3_formal_group/corpus/n3_f12/paired_corpus_v1.csv,/home/asd9112000/repair_rate/results/date2026/repair_rate/r3_formal_group/raw/n3_f12/two_pairwise_m1_early/paired_corpus_v1.csv,dss_paired_corpus_v1-5133d229dc269f7a,two_pairwise_m1_early,FROZEN_FORMAL
n3_f12,two_pairwise_m1_pair_global,pair,3,3,1,12,20263934,100000,COMPLETE,/home/asd9112000/repair_rate/results/date2026/repair_rate/r3_formal_group/raw/n3_f12/two_pairwise_m1_pair_global/summary.csv,2ce59c2f3ed2324f782c0f8de667c635a3fa6c02bedebfb86059e9c90193c248,/home/asd9112000/repair_rate/results/date2026/repair_rate/r3_formal_group/raw/n3_f12/two_pairwise_m1_pair_global/paired_policy_results_v1.csv,/home/asd9112000/repair_rate/results/date2026/repair_rate/r3_formal_group/corpus/n3_f12/paired_corpus_v1.csv,/home/asd9112000/repair_rate/results/date2026/repair_rate/r3_formal_group/raw/n3_f12/two_pairwise_m1_pair_global/paired_corpus_v1.csv,dss_paired_corpus_v1-5133d229dc269f7a,two_pairwise_m1_pair_global,FROZEN_FORMAL
n3_f16,directional_m1_early,directional,3,3,1,16,20263938,100000,COMPLETE,/home/asd9112000/repair_rate/results/date2026/repair_rate/r3_formal_group/raw/n3_f16/directional_m1_early/summary.csv,816f90e896a0343720e1072f5892c83c90c831f4e74716b4063e983c69044f71,/home/asd9112000/repair_rate/results/date2026/repair_rate/r3_formal_group/raw/n3_f16/directional_m1_early/paired_policy_results_v1.csv,/home/asd9112000/repair_rate/results/date2026/repair_rate/r3_formal_group/corpus/n3_f16/paired_corpus_v1.csv,/home/asd9112000/repair_rate/results/date2026/repair_rate/r3_formal_group/raw/n3_f16/directional_m1_early/paired_corpus_v1.csv,dss_paired_corpus_v1-532e171caff3ddd5,directional_m1_early,FROZEN_FORMAL
n3_f16,directional_m1_group_global,directional,3,3,1,16,20263938,100000,COMPLETE,/home/asd9112000/repair_rate/results/date2026/repair_rate/r3_formal_group/raw/n3_f16/directional_m1_group_global/summary.csv,760ddcb458587da26cf9cea00b4e19500c9619644851f25758c870616d03a4a6,/home/asd9112000/repair_rate/results/date2026/repair_rate/r3_formal_group/raw/n3_f16/directional_m1_group_global/paired_policy_results_v1.csv,/home/asd9112000/repair_rate/results/date2026/repair_rate/r3_formal_group/corpus/n3_f16/paired_corpus_v1.csv,/home/asd9112000/repair_rate/results/date2026/repair_rate/r3_formal_group/raw/n3_f16/directional_m1_group_global/paired_corpus_v1.csv,dss_paired_corpus_v1-532e171caff3ddd5,directional_m1_group_global,FROZEN_FORMAL
n3_f16,directional_m1_group_greedy,directional,3,3,1,16,20263938,100000,COMPLETE,/home/asd9112000/repair_rate/results/date2026/repair_rate/r3_formal_group/raw/n3_f16/directional_m1_group_greedy/summary.csv,aefec2800fc94c82283a5da72c899b67b3857c901bda576b22db78391546f2ac,/home/asd9112000/repair_rate/results/date2026/repair_rate/r3_formal_group/raw/n3_f16/directional_m1_group_greedy/paired_policy_results_v1.csv,/home/asd9112000/repair_rate/results/date2026/repair_rate/r3_formal_group/corpus/n3_f16/paired_corpus_v1.csv,/home/asd9112000/repair_rate/results/date2026/repair_rate/r3_formal_group/raw/n3_f16/directional_m1_group_greedy/paired_corpus_v1.csv,dss_paired_corpus_v1-532e171caff3ddd5,directional_m1_group_greedy,FROZEN_FORMAL
n3_f16,local_no_sharing,none,3,3,1,16,20263938,100000,COMPLETE,/home/asd9112000/repair_rate/results/date2026/repair_rate/r3_formal_group/raw/n3_f16/local_no_sharing/summary.csv,99f8ef1e6e53fc1607cbc4a7757512dc2c9ac8f792cb0255e057a6fa150fcd11,/home/asd9112000/repair_rate/results/date2026/repair_rate/r3_formal_group/raw/n3_f16/local_no_sharing/paired_policy_results_v1.csv,/home/asd9112000/repair_rate/results/date2026/repair_rate/r3_formal_group/corpus/n3_f16/paired_corpus_v1.csv,/home/asd9112000/repair_rate/results/date2026/repair_rate/r3_formal_group/raw/n3_f16/local_no_sharing/paired_corpus_v1.csv,dss_paired_corpus_v1-532e171caff3ddd5,local_no_sharing,FROZEN_FORMAL
n3_f16,pairwise_row_m1_early,edge,3,3,1,16,20263938,100000,COMPLETE,/home/asd9112000/repair_rate/results/date2026/repair_rate/r3_formal_group/raw/n3_f16/pairwise_row_m1_early/summary.csv,13d5b1a5de42c2b0177557b1b48a24f5a26d2dca0a3b89a45cae63f386958f52,/home/asd9112000/repair_rate/results/date2026/repair_rate/r3_formal_group/raw/n3_f16/pairwise_row_m1_early/paired_policy_results_v1.csv,/home/asd9112000/repair_rate/results/date2026/repair_rate/r3_formal_group/corpus/n3_f16/paired_corpus_v1.csv,/home/asd9112000/repair_rate/results/date2026/repair_rate/r3_formal_group/raw/n3_f16/pairwise_row_m1_early/paired_corpus_v1.csv,dss_paired_corpus_v1-532e171caff3ddd5,pairwise_row_m1_early,FROZEN_FORMAL
n3_f16,single_hop_m1_early,neighbor,3,3,1,16,20263938,100000,COMPLETE,/home/asd9112000/repair_rate/results/date2026/repair_rate/r3_formal_group/raw/n3_f16/single_hop_m1_early/summary.csv,fea36ec72bdb716e693fe4c84ca55de78bdff270e8663000c8e50eda0b23c74a,/home/asd9112000/repair_rate/results/date2026/repair_rate/r3_formal_group/raw/n3_f16/single_hop_m1_early/paired_policy_results_v1.csv,/home/asd9112000/repair_rate/results/date2026/repair_rate/r3_formal_group/corpus/n3_f16/paired_corpus_v1.csv,/home/asd9112000/repair_rate/results/date2026/repair_rate/r3_formal_group/raw/n3_f16/single_hop_m1_early/paired_corpus_v1.csv,dss_paired_corpus_v1-532e171caff3ddd5,single_hop_m1_early,FROZEN_FORMAL
n3_f16,single_hop_m1_global,neighbor,3,3,1,16,20263938,100000,COMPLETE,/home/asd9112000/repair_rate/results/date2026/repair_rate/r3_formal_group/raw/n3_f16/single_hop_m1_global/summary.csv,cdee73acb364026bc012ab81254e1871a6a730fb034f5680d37e89b6fd163ae5,/home/asd9112000/repair_rate/results/date2026/repair_rate/r3_formal_group/raw/n3_f16/single_hop_m1_global/paired_policy_results_v1.csv,/home/asd9112000/repair_rate/results/date2026/repair_rate/r3_formal_group/corpus/n3_f16/paired_corpus_v1.csv,/home/asd9112000/repair_rate/results/date2026/repair_rate/r3_formal_group/raw/n3_f16/single_hop_m1_global/paired_corpus_v1.csv,dss_paired_corpus_v1-532e171caff3ddd5,single_hop_m1_global,FROZEN_FORMAL
n3_f16,two_pairwise_m1_early,pair,3,3,1,16,20263938,100000,COMPLETE,/home/asd9112000/repair_rate/results/date2026/repair_rate/r3_formal_group/raw/n3_f16/two_pairwise_m1_early/summary.csv,2800066f9e1eda3c0ba93cef6c1e6c121be2e79e86cf79dbcbef5d58d2b14e70,/home/asd9112000/repair_rate/results/date2026/repair_rate/r3_formal_group/raw/n3_f16/two_pairwise_m1_early/paired_policy_results_v1.csv,/home/asd9112000/repair_rate/results/date2026/repair_rate/r3_formal_group/corpus/n3_f16/paired_corpus_v1.csv,/home/asd9112000/repair_rate/results/date2026/repair_rate/r3_formal_group/raw/n3_f16/two_pairwise_m1_early/paired_corpus_v1.csv,dss_paired_corpus_v1-532e171caff3ddd5,two_pairwise_m1_early,FROZEN_FORMAL
n3_f16,two_pairwise_m1_pair_global,pair,3,3,1,16,20263938,100000,COMPLETE,/home/asd9112000/repair_rate/results/date2026/repair_rate/r3_formal_group/raw/n3_f16/two_pairwise_m1_pair_global/summary.csv,cc0ba17211104395e644f7ba4777c6370c8f04b4775f708db57acca976600f71,/home/asd9112000/repair_rate/results/date2026/repair_rate/r3_formal_group/raw/n3_f16/two_pairwise_m1_pair_global/paired_policy_results_v1.csv,/home/asd9112000/repair_rate/results/date2026/repair_rate/r3_formal_group/corpus/n3_f16/paired_corpus_v1.csv,/home/asd9112000/repair_rate/results/date2026/repair_rate/r3_formal_group/raw/n3_f16/two_pairwise_m1_pair_global/paired_corpus_v1.csv,dss_paired_corpus_v1-532e171caff3ddd5,two_pairwise_m1_pair_global,FROZEN_FORMAL
n3_f20,directional_m1_early,directional,3,3,1,20,20263942,100000,COMPLETE,/home/asd9112000/repair_rate/results/date2026/repair_rate/r3_formal_group/raw/n3_f20/directional_m1_early/summary.csv,ded3488f7240c130838dd54570bb9ccbb058b8776354e2a5f623cc4f501b0390,/home/asd9112000/repair_rate/results/date2026/repair_rate/r3_formal_group/raw/n3_f20/directional_m1_early/paired_policy_results_v1.csv,/home/asd9112000/repair_rate/results/date2026/repair_rate/r3_formal_group/corpus/n3_f20/paired_corpus_v1.csv,/home/asd9112000/repair_rate/results/date2026/repair_rate/r3_formal_group/raw/n3_f20/directional_m1_early/paired_corpus_v1.csv,dss_paired_corpus_v1-da405125bb04c005,directional_m1_early,FROZEN_FORMAL
n3_f20,directional_m1_group_global,directional,3,3,1,20,20263942,100000,COMPLETE,/home/asd9112000/repair_rate/results/date2026/repair_rate/r3_formal_group/raw/n3_f20/directional_m1_group_global/summary.csv,01e0556c54719fdfaec263e43248505a0d2b79381740548a63a54f42210b8fdf,/home/asd9112000/repair_rate/results/date2026/repair_rate/r3_formal_group/raw/n3_f20/directional_m1_group_global/paired_policy_results_v1.csv,/home/asd9112000/repair_rate/results/date2026/repair_rate/r3_formal_group/corpus/n3_f20/paired_corpus_v1.csv,/home/asd9112000/repair_rate/results/date2026/repair_rate/r3_formal_group/raw/n3_f20/directional_m1_group_global/paired_corpus_v1.csv,dss_paired_corpus_v1-da405125bb04c005,directional_m1_group_global,FROZEN_FORMAL
n3_f20,directional_m1_group_greedy,directional,3,3,1,20,20263942,100000,COMPLETE,/home/asd9112000/repair_rate/results/date2026/repair_rate/r3_formal_group/raw/n3_f20/directional_m1_group_greedy/summary.csv,54baedc1cbea81d9e96aed2ecd1615591362cb63d560295056036a90a06a8b73,/home/asd9112000/repair_rate/results/date2026/repair_rate/r3_formal_group/raw/n3_f20/directional_m1_group_greedy/paired_policy_results_v1.csv,/home/asd9112000/repair_rate/results/date2026/repair_rate/r3_formal_group/corpus/n3_f20/paired_corpus_v1.csv,/home/asd9112000/repair_rate/results/date2026/repair_rate/r3_formal_group/raw/n3_f20/directional_m1_group_greedy/paired_corpus_v1.csv,dss_paired_corpus_v1-da405125bb04c005,directional_m1_group_greedy,FROZEN_FORMAL
n3_f20,local_no_sharing,none,3,3,1,20,20263942,100000,COMPLETE,/home/asd9112000/repair_rate/results/date2026/repair_rate/r3_formal_group/raw/n3_f20/local_no_sharing/summary.csv,b23dd2ad59dbee1785381561b8113a0eeccaf07c15c6110843fff902b465e980,/home/asd9112000/repair_rate/results/date2026/repair_rate/r3_formal_group/raw/n3_f20/local_no_sharing/paired_policy_results_v1.csv,/home/asd9112000/repair_rate/results/date2026/repair_rate/r3_formal_group/corpus/n3_f20/paired_corpus_v1.csv,/home/asd9112000/repair_rate/results/date2026/repair_rate/r3_formal_group/raw/n3_f20/local_no_sharing/paired_corpus_v1.csv,dss_paired_corpus_v1-da405125bb04c005,local_no_sharing,FROZEN_FORMAL
n3_f20,pairwise_row_m1_early,edge,3,3,1,20,20263942,100000,COMPLETE,/home/asd9112000/repair_rate/results/date2026/repair_rate/r3_formal_group/raw/n3_f20/pairwise_row_m1_early/summary.csv,b3b0006bb59e770d905988f0bf5b6eba08d4576e22653de139b73edbc8e677f7,/home/asd9112000/repair_rate/results/date2026/repair_rate/r3_formal_group/raw/n3_f20/pairwise_row_m1_early/paired_policy_results_v1.csv,/home/asd9112000/repair_rate/results/date2026/repair_rate/r3_formal_group/corpus/n3_f20/paired_corpus_v1.csv,/home/asd9112000/repair_rate/results/date2026/repair_rate/r3_formal_group/raw/n3_f20/pairwise_row_m1_early/paired_corpus_v1.csv,dss_paired_corpus_v1-da405125bb04c005,pairwise_row_m1_early,FROZEN_FORMAL
n3_f20,single_hop_m1_early,neighbor,3,3,1,20,20263942,100000,COMPLETE,/home/asd9112000/repair_rate/results/date2026/repair_rate/r3_formal_group/raw/n3_f20/single_hop_m1_early/summary.csv,0ebf38c97ce35b2eadaddeb0ff80064beaa78a16067e6088bf344642032ddc08,/home/asd9112000/repair_rate/results/date2026/repair_rate/r3_formal_group/raw/n3_f20/single_hop_m1_early/paired_policy_results_v1.csv,/home/asd9112000/repair_rate/results/date2026/repair_rate/r3_formal_group/corpus/n3_f20/paired_corpus_v1.csv,/home/asd9112000/repair_rate/results/date2026/repair_rate/r3_formal_group/raw/n3_f20/single_hop_m1_early/paired_corpus_v1.csv,dss_paired_corpus_v1-da405125bb04c005,single_hop_m1_early,FROZEN_FORMAL
n3_f20,single_hop_m1_global,neighbor,3,3,1,20,20263942,100000,COMPLETE,/home/asd9112000/repair_rate/results/date2026/repair_rate/r3_formal_group/raw/n3_f20/single_hop_m1_global/summary.csv,c4e25cbf0732ff916db01901e9f702773c63f2f8930fa460b07787dc03a3e4e8,/home/asd9112000/repair_rate/results/date2026/repair_rate/r3_formal_group/raw/n3_f20/single_hop_m1_global/paired_policy_results_v1.csv,/home/asd9112000/repair_rate/results/date2026/repair_rate/r3_formal_group/corpus/n3_f20/paired_corpus_v1.csv,/home/asd9112000/repair_rate/results/date2026/repair_rate/r3_formal_group/raw/n3_f20/single_hop_m1_global/paired_corpus_v1.csv,dss_paired_corpus_v1-da405125bb04c005,single_hop_m1_global,FROZEN_FORMAL
n3_f20,two_pairwise_m1_early,pair,3,3,1,20,20263942,100000,COMPLETE,/home/asd9112000/repair_rate/results/date2026/repair_rate/r3_formal_group/raw/n3_f20/two_pairwise_m1_early/summary.csv,282b21610b9e18c50f17f3b0a214be090ff0be7c32e3ac442eb02caafa621df5,/home/asd9112000/repair_rate/results/date2026/repair_rate/r3_formal_group/raw/n3_f20/two_pairwise_m1_early/paired_policy_results_v1.csv,/home/asd9112000/repair_rate/results/date2026/repair_rate/r3_formal_group/corpus/n3_f20/paired_corpus_v1.csv,/home/asd9112000/repair_rate/results/date2026/repair_rate/r3_formal_group/raw/n3_f20/two_pairwise_m1_early/paired_corpus_v1.csv,dss_paired_corpus_v1-da405125bb04c005,two_pairwise_m1_early,FROZEN_FORMAL
n3_f20,two_pairwise_m1_pair_global,pair,3,3,1,20,20263942,100000,COMPLETE,/home/asd9112000/repair_rate/results/date2026/repair_rate/r3_formal_group/raw/n3_f20/two_pairwise_m1_pair_global/summary.csv,51ad64a118df598bb67ac68813a5ad8758f2729181dcc0b30c277c8820bc49eb,/home/asd9112000/repair_rate/results/date2026/repair_rate/r3_formal_group/raw/n3_f20/two_pairwise_m1_pair_global/paired_policy_results_v1.csv,/home/asd9112000/repair_rate/results/date2026/repair_rate/r3_formal_group/corpus/n3_f20/paired_corpus_v1.csv,/home/asd9112000/repair_rate/results/date2026/repair_rate/r3_formal_group/raw/n3_f20/two_pairwise_m1_pair_global/paired_corpus_v1.csv,dss_paired_corpus_v1-da405125bb04c005,two_pairwise_m1_pair_global,FROZEN_FORMAL
n3_f24,directional_m1_early,directional,3,3,1,24,20263946,100000,COMPLETE,/home/asd9112000/repair_rate/results/date2026/repair_rate/r3_formal_group/raw/n3_f24/directional_m1_early/summary.csv,bbd5713a0c4d57d1f36ecaea0b7f9be5d3339a69923e5f7901fa79acfe9921b7,/home/asd9112000/repair_rate/results/date2026/repair_rate/r3_formal_group/raw/n3_f24/directional_m1_early/paired_policy_results_v1.csv,/home/asd9112000/repair_rate/results/date2026/repair_rate/r3_formal_group/corpus/n3_f24/paired_corpus_v1.csv,/home/asd9112000/repair_rate/results/date2026/repair_rate/r3_formal_group/raw/n3_f24/directional_m1_early/paired_corpus_v1.csv,dss_paired_corpus_v1-2e85e9eef79c4cc3,directional_m1_early,FROZEN_FORMAL
n3_f24,directional_m1_group_global,directional,3,3,1,24,20263946,100000,COMPLETE,/home/asd9112000/repair_rate/results/date2026/repair_rate/r3_formal_group/raw/n3_f24/directional_m1_group_global/summary.csv,eb191e0647fc067ba6f26e0002960f361bf9797edd844422db60cc93c197d83b,/home/asd9112000/repair_rate/results/date2026/repair_rate/r3_formal_group/raw/n3_f24/directional_m1_group_global/paired_policy_results_v1.csv,/home/asd9112000/repair_rate/results/date2026/repair_rate/r3_formal_group/corpus/n3_f24/paired_corpus_v1.csv,/home/asd9112000/repair_rate/results/date2026/repair_rate/r3_formal_group/raw/n3_f24/directional_m1_group_global/paired_corpus_v1.csv,dss_paired_corpus_v1-2e85e9eef79c4cc3,directional_m1_group_global,FROZEN_FORMAL
n3_f24,directional_m1_group_greedy,directional,3,3,1,24,20263946,100000,COMPLETE,/home/asd9112000/repair_rate/results/date2026/repair_rate/r3_formal_group/raw/n3_f24/directional_m1_group_greedy/summary.csv,0a64529d578cfdc8c29842bb531f64608bf3b82865ea9136e39f73047b291532,/home/asd9112000/repair_rate/results/date2026/repair_rate/r3_formal_group/raw/n3_f24/directional_m1_group_greedy/paired_policy_results_v1.csv,/home/asd9112000/repair_rate/results/date2026/repair_rate/r3_formal_group/corpus/n3_f24/paired_corpus_v1.csv,/home/asd9112000/repair_rate/results/date2026/repair_rate/r3_formal_group/raw/n3_f24/directional_m1_group_greedy/paired_corpus_v1.csv,dss_paired_corpus_v1-2e85e9eef79c4cc3,directional_m1_group_greedy,FROZEN_FORMAL
n3_f24,local_no_sharing,none,3,3,1,24,20263946,100000,COMPLETE,/home/asd9112000/repair_rate/results/date2026/repair_rate/r3_formal_group/raw/n3_f24/local_no_sharing/summary.csv,d96294c611ab640414581708d0a6e818c55fee6d115c0bf21baf20a3c261832d,/home/asd9112000/repair_rate/results/date2026/repair_rate/r3_formal_group/raw/n3_f24/local_no_sharing/paired_policy_results_v1.csv,/home/asd9112000/repair_rate/results/date2026/repair_rate/r3_formal_group/corpus/n3_f24/paired_corpus_v1.csv,/home/asd9112000/repair_rate/results/date2026/repair_rate/r3_formal_group/raw/n3_f24/local_no_sharing/paired_corpus_v1.csv,dss_paired_corpus_v1-2e85e9eef79c4cc3,local_no_sharing,FROZEN_FORMAL
n3_f24,pairwise_row_m1_early,edge,3,3,1,24,20263946,100000,COMPLETE,/home/asd9112000/repair_rate/results/date2026/repair_rate/r3_formal_group/raw/n3_f24/pairwise_row_m1_early/summary.csv,21e6e78c8241a6b2f6426ba7f9dcafd8a09d733af9dfd72f261530b9a99ba58d,/home/asd9112000/repair_rate/results/date2026/repair_rate/r3_formal_group/raw/n3_f24/pairwise_row_m1_early/paired_policy_results_v1.csv,/home/asd9112000/repair_rate/results/date2026/repair_rate/r3_formal_group/corpus/n3_f24/paired_corpus_v1.csv,/home/asd9112000/repair_rate/results/date2026/repair_rate/r3_formal_group/raw/n3_f24/pairwise_row_m1_early/paired_corpus_v1.csv,dss_paired_corpus_v1-2e85e9eef79c4cc3,pairwise_row_m1_early,FROZEN_FORMAL
n3_f24,single_hop_m1_early,neighbor,3,3,1,24,20263946,100000,COMPLETE,/home/asd9112000/repair_rate/results/date2026/repair_rate/r3_formal_group/raw/n3_f24/single_hop_m1_early/summary.csv,0b77ada05405528a85b32a0784b9aef664f8b530641ccbcb195de8b434ecdb13,/home/asd9112000/repair_rate/results/date2026/repair_rate/r3_formal_group/raw/n3_f24/single_hop_m1_early/paired_policy_results_v1.csv,/home/asd9112000/repair_rate/results/date2026/repair_rate/r3_formal_group/corpus/n3_f24/paired_corpus_v1.csv,/home/asd9112000/repair_rate/results/date2026/repair_rate/r3_formal_group/raw/n3_f24/single_hop_m1_early/paired_corpus_v1.csv,dss_paired_corpus_v1-2e85e9eef79c4cc3,single_hop_m1_early,FROZEN_FORMAL
n3_f24,single_hop_m1_global,neighbor,3,3,1,24,20263946,100000,COMPLETE,/home/asd9112000/repair_rate/results/date2026/repair_rate/r3_formal_group/raw/n3_f24/single_hop_m1_global/summary.csv,a5f7808ec431b278b508a90025dd818aa405420caf27a82c3e0f105def564ee3,/home/asd9112000/repair_rate/results/date2026/repair_rate/r3_formal_group/raw/n3_f24/single_hop_m1_global/paired_policy_results_v1.csv,/home/asd9112000/repair_rate/results/date2026/repair_rate/r3_formal_group/corpus/n3_f24/paired_corpus_v1.csv,/home/asd9112000/repair_rate/results/date2026/repair_rate/r3_formal_group/raw/n3_f24/single_hop_m1_global/paired_corpus_v1.csv,dss_paired_corpus_v1-2e85e9eef79c4cc3,single_hop_m1_global,FROZEN_FORMAL
n3_f24,two_pairwise_m1_early,pair,3,3,1,24,20263946,100000,COMPLETE,/home/asd9112000/repair_rate/results/date2026/repair_rate/r3_formal_group/raw/n3_f24/two_pairwise_m1_early/summary.csv,1af2bc97a8650b5e0ce40d8ccda923bd794a699a275f4c3fa6dab951617d3e86,/home/asd9112000/repair_rate/results/date2026/repair_rate/r3_formal_group/raw/n3_f24/two_pairwise_m1_early/paired_policy_results_v1.csv,/home/asd9112000/repair_rate/results/date2026/repair_rate/r3_formal_group/corpus/n3_f24/paired_corpus_v1.csv,/home/asd9112000/repair_rate/results/date2026/repair_rate/r3_formal_group/raw/n3_f24/two_pairwise_m1_early/paired_corpus_v1.csv,dss_paired_corpus_v1-2e85e9eef79c4cc3,two_pairwise_m1_early,FROZEN_FORMAL
n3_f24,two_pairwise_m1_pair_global,pair,3,3,1,24,20263946,100000,COMPLETE,/home/asd9112000/repair_rate/results/date2026/repair_rate/r3_formal_group/raw/n3_f24/two_pairwise_m1_pair_global/summary.csv,77f6327533bc44089e9507ba4aba79bfe80e9097d78b6dc83c53cfd6570e08d2,/home/asd9112000/repair_rate/results/date2026/repair_rate/r3_formal_group/raw/n3_f24/two_pairwise_m1_pair_global/paired_policy_results_v1.csv,/home/asd9112000/repair_rate/results/date2026/repair_rate/r3_formal_group/corpus/n3_f24/paired_corpus_v1.csv,/home/asd9112000/repair_rate/results/date2026/repair_rate/r3_formal_group/raw/n3_f24/two_pairwise_m1_pair_global/paired_corpus_v1.csv,dss_paired_corpus_v1-2e85e9eef79c4cc3,two_pairwise_m1_pair_global,FROZEN_FORMAL
n3_f28,directional_m1_early,directional,3,3,1,28,20263950,100000,COMPLETE,/home/asd9112000/repair_rate/results/date2026/repair_rate/r3_formal_group/raw/n3_f28/directional_m1_early/summary.csv,17d1af2844aefe7bd90e44b4744a469d751873924eddaeec5566a822e2c993e6,/home/asd9112000/repair_rate/results/date2026/repair_rate/r3_formal_group/raw/n3_f28/directional_m1_early/paired_policy_results_v1.csv,/home/asd9112000/repair_rate/results/date2026/repair_rate/r3_formal_group/corpus/n3_f28/paired_corpus_v1.csv,/home/asd9112000/repair_rate/results/date2026/repair_rate/r3_formal_group/raw/n3_f28/directional_m1_early/paired_corpus_v1.csv,dss_paired_corpus_v1-5e791d5c2aca5d11,directional_m1_early,FROZEN_FORMAL
n3_f28,directional_m1_group_global,directional,3,3,1,28,20263950,100000,COMPLETE,/home/asd9112000/repair_rate/results/date2026/repair_rate/r3_formal_group/raw/n3_f28/directional_m1_group_global/summary.csv,16a6f9a71bea36b8d7f74730e18b48342c041a5d4ef0326b53ce1b02b2fa8c71,/home/asd9112000/repair_rate/results/date2026/repair_rate/r3_formal_group/raw/n3_f28/directional_m1_group_global/paired_policy_results_v1.csv,/home/asd9112000/repair_rate/results/date2026/repair_rate/r3_formal_group/corpus/n3_f28/paired_corpus_v1.csv,/home/asd9112000/repair_rate/results/date2026/repair_rate/r3_formal_group/raw/n3_f28/directional_m1_group_global/paired_corpus_v1.csv,dss_paired_corpus_v1-5e791d5c2aca5d11,directional_m1_group_global,FROZEN_FORMAL
n3_f28,directional_m1_group_greedy,directional,3,3,1,28,20263950,100000,COMPLETE,/home/asd9112000/repair_rate/results/date2026/repair_rate/r3_formal_group/raw/n3_f28/directional_m1_group_greedy/summary.csv,14fa1fca43d7faf79ac05e89ed60f21f1f00f4d921e8e19f6e17361a2a27cad1,/home/asd9112000/repair_rate/results/date2026/repair_rate/r3_formal_group/raw/n3_f28/directional_m1_group_greedy/paired_policy_results_v1.csv,/home/asd9112000/repair_rate/results/date2026/repair_rate/r3_formal_group/corpus/n3_f28/paired_corpus_v1.csv,/home/asd9112000/repair_rate/results/date2026/repair_rate/r3_formal_group/raw/n3_f28/directional_m1_group_greedy/paired_corpus_v1.csv,dss_paired_corpus_v1-5e791d5c2aca5d11,directional_m1_group_greedy,FROZEN_FORMAL
n3_f28,local_no_sharing,none,3,3,1,28,20263950,100000,COMPLETE,/home/asd9112000/repair_rate/results/date2026/repair_rate/r3_formal_group/raw/n3_f28/local_no_sharing/summary.csv,af25a19b34fa6f1a7a353cfddfd3fa15ed45586ed13a0696206484384debf9f0,/home/asd9112000/repair_rate/results/date2026/repair_rate/r3_formal_group/raw/n3_f28/local_no_sharing/paired_policy_results_v1.csv,/home/asd9112000/repair_rate/results/date2026/repair_rate/r3_formal_group/corpus/n3_f28/paired_corpus_v1.csv,/home/asd9112000/repair_rate/results/date2026/repair_rate/r3_formal_group/raw/n3_f28/local_no_sharing/paired_corpus_v1.csv,dss_paired_corpus_v1-5e791d5c2aca5d11,local_no_sharing,FROZEN_FORMAL
n3_f28,pairwise_row_m1_early,edge,3,3,1,28,20263950,100000,COMPLETE,/home/asd9112000/repair_rate/results/date2026/repair_rate/r3_formal_group/raw/n3_f28/pairwise_row_m1_early/summary.csv,5e5202f51c8ebc90d881cb2d6f584ede7a452a5dc4ea98152f7db6fc410c4b39,/home/asd9112000/repair_rate/results/date2026/repair_rate/r3_formal_group/raw/n3_f28/pairwise_row_m1_early/paired_policy_results_v1.csv,/home/asd9112000/repair_rate/results/date2026/repair_rate/r3_formal_group/corpus/n3_f28/paired_corpus_v1.csv,/home/asd9112000/repair_rate/results/date2026/repair_rate/r3_formal_group/raw/n3_f28/pairwise_row_m1_early/paired_corpus_v1.csv,dss_paired_corpus_v1-5e791d5c2aca5d11,pairwise_row_m1_early,FROZEN_FORMAL
n3_f28,single_hop_m1_early,neighbor,3,3,1,28,20263950,100000,COMPLETE,/home/asd9112000/repair_rate/results/date2026/repair_rate/r3_formal_group/raw/n3_f28/single_hop_m1_early/summary.csv,87a453435cc1c4d2414547cbdd14bfd25931eda0ec56290dacc30c841bb14f3d,/home/asd9112000/repair_rate/results/date2026/repair_rate/r3_formal_group/raw/n3_f28/single_hop_m1_early/paired_policy_results_v1.csv,/home/asd9112000/repair_rate/results/date2026/repair_rate/r3_formal_group/corpus/n3_f28/paired_corpus_v1.csv,/home/asd9112000/repair_rate/results/date2026/repair_rate/r3_formal_group/raw/n3_f28/single_hop_m1_early/paired_corpus_v1.csv,dss_paired_corpus_v1-5e791d5c2aca5d11,single_hop_m1_early,FROZEN_FORMAL
n3_f28,single_hop_m1_global,neighbor,3,3,1,28,20263950,100000,COMPLETE,/home/asd9112000/repair_rate/results/date2026/repair_rate/r3_formal_group/raw/n3_f28/single_hop_m1_global/summary.csv,242992858718bd8e6d203a25b790dd214d93db613cda7d66a12059e84baad3f1,/home/asd9112000/repair_rate/results/date2026/repair_rate/r3_formal_group/raw/n3_f28/single_hop_m1_global/paired_policy_results_v1.csv,/home/asd9112000/repair_rate/results/date2026/repair_rate/r3_formal_group/corpus/n3_f28/paired_corpus_v1.csv,/home/asd9112000/repair_rate/results/date2026/repair_rate/r3_formal_group/raw/n3_f28/single_hop_m1_global/paired_corpus_v1.csv,dss_paired_corpus_v1-5e791d5c2aca5d11,single_hop_m1_global,FROZEN_FORMAL
n3_f28,two_pairwise_m1_early,pair,3,3,1,28,20263950,100000,COMPLETE,/home/asd9112000/repair_rate/results/date2026/repair_rate/r3_formal_group/raw/n3_f28/two_pairwise_m1_early/summary.csv,3f49e219d28c3e17e8911150f7ecced6c23f42600fe93ded9a0f742acd62859d,/home/asd9112000/repair_rate/results/date2026/repair_rate/r3_formal_group/raw/n3_f28/two_pairwise_m1_early/paired_policy_results_v1.csv,/home/asd9112000/repair_rate/results/date2026/repair_rate/r3_formal_group/corpus/n3_f28/paired_corpus_v1.csv,/home/asd9112000/repair_rate/results/date2026/repair_rate/r3_formal_group/raw/n3_f28/two_pairwise_m1_early/paired_corpus_v1.csv,dss_paired_corpus_v1-5e791d5c2aca5d11,two_pairwise_m1_early,FROZEN_FORMAL
n3_f28,two_pairwise_m1_pair_global,pair,3,3,1,28,20263950,100000,COMPLETE,/home/asd9112000/repair_rate/results/date2026/repair_rate/r3_formal_group/raw/n3_f28/two_pairwise_m1_pair_global/summary.csv,08f9bffc7754beafae1e452af4afb9a642ac19b0525dd3910b80437649a31418,/home/asd9112000/repair_rate/results/date2026/repair_rate/r3_formal_group/raw/n3_f28/two_pairwise_m1_pair_global/paired_policy_results_v1.csv,/home/asd9112000/repair_rate/results/date2026/repair_rate/r3_formal_group/corpus/n3_f28/paired_corpus_v1.csv,/home/asd9112000/repair_rate/results/date2026/repair_rate/r3_formal_group/raw/n3_f28/two_pairwise_m1_pair_global/paired_corpus_v1.csv,dss_paired_corpus_v1-5e791d5c2aca5d11,two_pairwise_m1_pair_global,FROZEN_FORMAL
n3_f32,directional_m1_early,directional,3,3,1,32,20263954,100000,COMPLETE,/home/asd9112000/repair_rate/results/date2026/repair_rate/r3_formal_group/raw/n3_f32/directional_m1_early/summary.csv,9e490333fa459cb15b2f59c4bc938e435c6987433f42b36a759b2b66b9f2a5b1,/home/asd9112000/repair_rate/results/date2026/repair_rate/r3_formal_group/raw/n3_f32/directional_m1_early/paired_policy_results_v1.csv,/home/asd9112000/repair_rate/results/date2026/repair_rate/r3_formal_group/corpus/n3_f32/paired_corpus_v1.csv,/home/asd9112000/repair_rate/results/date2026/repair_rate/r3_formal_group/raw/n3_f32/directional_m1_early/paired_corpus_v1.csv,dss_paired_corpus_v1-c20a95460187be9b,directional_m1_early,FROZEN_FORMAL
n3_f32,directional_m1_group_global,directional,3,3,1,32,20263954,100000,COMPLETE,/home/asd9112000/repair_rate/results/date2026/repair_rate/r3_formal_group/raw/n3_f32/directional_m1_group_global/summary.csv,dc9ef31996665d796d8e47a341a7e4c8a7d751681bb9ac6f0bacd5d96bf4f772,/home/asd9112000/repair_rate/results/date2026/repair_rate/r3_formal_group/raw/n3_f32/directional_m1_group_global/paired_policy_results_v1.csv,/home/asd9112000/repair_rate/results/date2026/repair_rate/r3_formal_group/corpus/n3_f32/paired_corpus_v1.csv,/home/asd9112000/repair_rate/results/date2026/repair_rate/r3_formal_group/raw/n3_f32/directional_m1_group_global/paired_corpus_v1.csv,dss_paired_corpus_v1-c20a95460187be9b,directional_m1_group_global,FROZEN_FORMAL
n3_f32,directional_m1_group_greedy,directional,3,3,1,32,20263954,100000,COMPLETE,/home/asd9112000/repair_rate/results/date2026/repair_rate/r3_formal_group/raw/n3_f32/directional_m1_group_greedy/summary.csv,56a72172b3955f36d82cd982db341654774e16dbd8d08265e0db1ff8dbc73b97,/home/asd9112000/repair_rate/results/date2026/repair_rate/r3_formal_group/raw/n3_f32/directional_m1_group_greedy/paired_policy_results_v1.csv,/home/asd9112000/repair_rate/results/date2026/repair_rate/r3_formal_group/corpus/n3_f32/paired_corpus_v1.csv,/home/asd9112000/repair_rate/results/date2026/repair_rate/r3_formal_group/raw/n3_f32/directional_m1_group_greedy/paired_corpus_v1.csv,dss_paired_corpus_v1-c20a95460187be9b,directional_m1_group_greedy,FROZEN_FORMAL
n3_f32,local_no_sharing,none,3,3,1,32,20263954,100000,COMPLETE,/home/asd9112000/repair_rate/results/date2026/repair_rate/r3_formal_group/raw/n3_f32/local_no_sharing/summary.csv,b8692283cee5ffc75c2e692a5867b15f78ffe869244005dcf5adc9ad8f12b00a,/home/asd9112000/repair_rate/results/date2026/repair_rate/r3_formal_group/raw/n3_f32/local_no_sharing/paired_policy_results_v1.csv,/home/asd9112000/repair_rate/results/date2026/repair_rate/r3_formal_group/corpus/n3_f32/paired_corpus_v1.csv,/home/asd9112000/repair_rate/results/date2026/repair_rate/r3_formal_group/raw/n3_f32/local_no_sharing/paired_corpus_v1.csv,dss_paired_corpus_v1-c20a95460187be9b,local_no_sharing,FROZEN_FORMAL
n3_f32,pairwise_row_m1_early,edge,3,3,1,32,20263954,100000,COMPLETE,/home/asd9112000/repair_rate/results/date2026/repair_rate/r3_formal_group/raw/n3_f32/pairwise_row_m1_early/summary.csv,44fa244f8ad4583c6a5fac713651bb77fb5a890c46f95ca39f513997efa3dab1,/home/asd9112000/repair_rate/results/date2026/repair_rate/r3_formal_group/raw/n3_f32/pairwise_row_m1_early/paired_policy_results_v1.csv,/home/asd9112000/repair_rate/results/date2026/repair_rate/r3_formal_group/corpus/n3_f32/paired_corpus_v1.csv,/home/asd9112000/repair_rate/results/date2026/repair_rate/r3_formal_group/raw/n3_f32/pairwise_row_m1_early/paired_corpus_v1.csv,dss_paired_corpus_v1-c20a95460187be9b,pairwise_row_m1_early,FROZEN_FORMAL
n3_f32,single_hop_m1_early,neighbor,3,3,1,32,20263954,100000,COMPLETE,/home/asd9112000/repair_rate/results/date2026/repair_rate/r3_formal_group/raw/n3_f32/single_hop_m1_early/summary.csv,8aa058ab0d89717755a28bc7b7d796f3e933f272e03aeb42dae531566a4f7a24,/home/asd9112000/repair_rate/results/date2026/repair_rate/r3_formal_group/raw/n3_f32/single_hop_m1_early/paired_policy_results_v1.csv,/home/asd9112000/repair_rate/results/date2026/repair_rate/r3_formal_group/corpus/n3_f32/paired_corpus_v1.csv,/home/asd9112000/repair_rate/results/date2026/repair_rate/r3_formal_group/raw/n3_f32/single_hop_m1_early/paired_corpus_v1.csv,dss_paired_corpus_v1-c20a95460187be9b,single_hop_m1_early,FROZEN_FORMAL
n3_f32,single_hop_m1_global,neighbor,3,3,1,32,20263954,100000,COMPLETE,/home/asd9112000/repair_rate/results/date2026/repair_rate/r3_formal_group/raw/n3_f32/single_hop_m1_global/summary.csv,6b3a92f572a462a1a1b068697a279ebe4ff50a3031a84979207538469ac6ab90,/home/asd9112000/repair_rate/results/date2026/repair_rate/r3_formal_group/raw/n3_f32/single_hop_m1_global/paired_policy_results_v1.csv,/home/asd9112000/repair_rate/results/date2026/repair_rate/r3_formal_group/corpus/n3_f32/paired_corpus_v1.csv,/home/asd9112000/repair_rate/results/date2026/repair_rate/r3_formal_group/raw/n3_f32/single_hop_m1_global/paired_corpus_v1.csv,dss_paired_corpus_v1-c20a95460187be9b,single_hop_m1_global,FROZEN_FORMAL
n3_f32,two_pairwise_m1_early,pair,3,3,1,32,20263954,100000,COMPLETE,/home/asd9112000/repair_rate/results/date2026/repair_rate/r3_formal_group/raw/n3_f32/two_pairwise_m1_early/summary.csv,d1eb376ad3a3acc3968b90cfd480f4b940b186edbd7ba4bc1b4cdd1e78b43f63,/home/asd9112000/repair_rate/results/date2026/repair_rate/r3_formal_group/raw/n3_f32/two_pairwise_m1_early/paired_policy_results_v1.csv,/home/asd9112000/repair_rate/results/date2026/repair_rate/r3_formal_group/corpus/n3_f32/paired_corpus_v1.csv,/home/asd9112000/repair_rate/results/date2026/repair_rate/r3_formal_group/raw/n3_f32/two_pairwise_m1_early/paired_corpus_v1.csv,dss_paired_corpus_v1-c20a95460187be9b,two_pairwise_m1_early,FROZEN_FORMAL
n3_f32,two_pairwise_m1_pair_global,pair,3,3,1,32,20263954,100000,COMPLETE,/home/asd9112000/repair_rate/results/date2026/repair_rate/r3_formal_group/raw/n3_f32/two_pairwise_m1_pair_global/summary.csv,b7483bdad9ac4bbbf69cf99f39322fdd5880a40d3d7364b2a7ac055856df9395,/home/asd9112000/repair_rate/results/date2026/repair_rate/r3_formal_group/raw/n3_f32/two_pairwise_m1_pair_global/paired_policy_results_v1.csv,/home/asd9112000/repair_rate/results/date2026/repair_rate/r3_formal_group/corpus/n3_f32/paired_corpus_v1.csv,/home/asd9112000/repair_rate/results/date2026/repair_rate/r3_formal_group/raw/n3_f32/two_pairwise_m1_pair_global/paired_corpus_v1.csv,dss_paired_corpus_v1-c20a95460187be9b,two_pairwise_m1_pair_global,FROZEN_FORMAL
n3_f8,directional_m1_early,directional,3,3,1,8,20263930,100000,COMPLETE,/home/asd9112000/repair_rate/results/date2026/repair_rate/r3_formal_group/raw/n3_f8/directional_m1_early/summary.csv,a9f049f94b14088b0897bdd4aa4a43d4334ac62c50d1699c4e1dd41379fdf920,/home/asd9112000/repair_rate/results/date2026/repair_rate/r3_formal_group/raw/n3_f8/directional_m1_early/paired_policy_results_v1.csv,/home/asd9112000/repair_rate/results/date2026/repair_rate/r3_formal_group/corpus/n3_f8/paired_corpus_v1.csv,/home/asd9112000/repair_rate/results/date2026/repair_rate/r3_formal_group/raw/n3_f8/directional_m1_early/paired_corpus_v1.csv,dss_paired_corpus_v1-ef38ebf5e5b4ccbe,directional_m1_early,FROZEN_FORMAL
n3_f8,directional_m1_group_global,directional,3,3,1,8,20263930,100000,COMPLETE,/home/asd9112000/repair_rate/results/date2026/repair_rate/r3_formal_group/raw/n3_f8/directional_m1_group_global/summary.csv,a71a9947df3faadbecdda53a4388834ff57948e764122d39249fa3351ffb9569,/home/asd9112000/repair_rate/results/date2026/repair_rate/r3_formal_group/raw/n3_f8/directional_m1_group_global/paired_policy_results_v1.csv,/home/asd9112000/repair_rate/results/date2026/repair_rate/r3_formal_group/corpus/n3_f8/paired_corpus_v1.csv,/home/asd9112000/repair_rate/results/date2026/repair_rate/r3_formal_group/raw/n3_f8/directional_m1_group_global/paired_corpus_v1.csv,dss_paired_corpus_v1-ef38ebf5e5b4ccbe,directional_m1_group_global,FROZEN_FORMAL
n3_f8,directional_m1_group_greedy,directional,3,3,1,8,20263930,100000,COMPLETE,/home/asd9112000/repair_rate/results/date2026/repair_rate/r3_formal_group/raw/n3_f8/directional_m1_group_greedy/summary.csv,c1839ee9f01d8d6bce173e5f77a237ae520978c567a8e2b921068697abeffa3e,/home/asd9112000/repair_rate/results/date2026/repair_rate/r3_formal_group/raw/n3_f8/directional_m1_group_greedy/paired_policy_results_v1.csv,/home/asd9112000/repair_rate/results/date2026/repair_rate/r3_formal_group/corpus/n3_f8/paired_corpus_v1.csv,/home/asd9112000/repair_rate/results/date2026/repair_rate/r3_formal_group/raw/n3_f8/directional_m1_group_greedy/paired_corpus_v1.csv,dss_paired_corpus_v1-ef38ebf5e5b4ccbe,directional_m1_group_greedy,FROZEN_FORMAL
n3_f8,local_no_sharing,none,3,3,1,8,20263930,100000,COMPLETE,/home/asd9112000/repair_rate/results/date2026/repair_rate/r3_formal_group/raw/n3_f8/local_no_sharing/summary.csv,818c2d62001420c6a93f86d1b130ffee09524430215ced1275429bc2f64fcd76,/home/asd9112000/repair_rate/results/date2026/repair_rate/r3_formal_group/raw/n3_f8/local_no_sharing/paired_policy_results_v1.csv,/home/asd9112000/repair_rate/results/date2026/repair_rate/r3_formal_group/corpus/n3_f8/paired_corpus_v1.csv,/home/asd9112000/repair_rate/results/date2026/repair_rate/r3_formal_group/raw/n3_f8/local_no_sharing/paired_corpus_v1.csv,dss_paired_corpus_v1-ef38ebf5e5b4ccbe,local_no_sharing,FROZEN_FORMAL
n3_f8,pairwise_row_m1_early,edge,3,3,1,8,20263930,100000,COMPLETE,/home/asd9112000/repair_rate/results/date2026/repair_rate/r3_formal_group/raw/n3_f8/pairwise_row_m1_early/summary.csv,681526f27e900d55ac8b631f2f98fe887cdf94c2c12658d5f5029a1e8d1c85f5,/home/asd9112000/repair_rate/results/date2026/repair_rate/r3_formal_group/raw/n3_f8/pairwise_row_m1_early/paired_policy_results_v1.csv,/home/asd9112000/repair_rate/results/date2026/repair_rate/r3_formal_group/corpus/n3_f8/paired_corpus_v1.csv,/home/asd9112000/repair_rate/results/date2026/repair_rate/r3_formal_group/raw/n3_f8/pairwise_row_m1_early/paired_corpus_v1.csv,dss_paired_corpus_v1-ef38ebf5e5b4ccbe,pairwise_row_m1_early,FROZEN_FORMAL
n3_f8,single_hop_m1_early,neighbor,3,3,1,8,20263930,100000,COMPLETE,/home/asd9112000/repair_rate/results/date2026/repair_rate/r3_formal_group/raw/n3_f8/single_hop_m1_early/summary.csv,31df39cd726240be824ea54a57f46293f11c005a1645298aa25ec87564753ab2,/home/asd9112000/repair_rate/results/date2026/repair_rate/r3_formal_group/raw/n3_f8/single_hop_m1_early/paired_policy_results_v1.csv,/home/asd9112000/repair_rate/results/date2026/repair_rate/r3_formal_group/corpus/n3_f8/paired_corpus_v1.csv,/home/asd9112000/repair_rate/results/date2026/repair_rate/r3_formal_group/raw/n3_f8/single_hop_m1_early/paired_corpus_v1.csv,dss_paired_corpus_v1-ef38ebf5e5b4ccbe,single_hop_m1_early,FROZEN_FORMAL
n3_f8,single_hop_m1_global,neighbor,3,3,1,8,20263930,100000,COMPLETE,/home/asd9112000/repair_rate/results/date2026/repair_rate/r3_formal_group/raw/n3_f8/single_hop_m1_global/summary.csv,86affc8584149958228d83e320069694848d5f2fe6a0d8e8300a8fe49fb9b9a3,/home/asd9112000/repair_rate/results/date2026/repair_rate/r3_formal_group/raw/n3_f8/single_hop_m1_global/paired_policy_results_v1.csv,/home/asd9112000/repair_rate/results/date2026/repair_rate/r3_formal_group/corpus/n3_f8/paired_corpus_v1.csv,/home/asd9112000/repair_rate/results/date2026/repair_rate/r3_formal_group/raw/n3_f8/single_hop_m1_global/paired_corpus_v1.csv,dss_paired_corpus_v1-ef38ebf5e5b4ccbe,single_hop_m1_global,FROZEN_FORMAL
n3_f8,two_pairwise_m1_early,pair,3,3,1,8,20263930,100000,COMPLETE,/home/asd9112000/repair_rate/results/date2026/repair_rate/r3_formal_group/raw/n3_f8/two_pairwise_m1_early/summary.csv,047723dde855d00a5d0163e7f28db62df7d28af9f8bd72befa75ff6977a8cdfb,/home/asd9112000/repair_rate/results/date2026/repair_rate/r3_formal_group/raw/n3_f8/two_pairwise_m1_early/paired_policy_results_v1.csv,/home/asd9112000/repair_rate/results/date2026/repair_rate/r3_formal_group/corpus/n3_f8/paired_corpus_v1.csv,/home/asd9112000/repair_rate/results/date2026/repair_rate/r3_formal_group/raw/n3_f8/two_pairwise_m1_early/paired_corpus_v1.csv,dss_paired_corpus_v1-ef38ebf5e5b4ccbe,two_pairwise_m1_early,FROZEN_FORMAL
n3_f8,two_pairwise_m1_pair_global,pair,3,3,1,8,20263930,100000,COMPLETE,/home/asd9112000/repair_rate/results/date2026/repair_rate/r3_formal_group/raw/n3_f8/two_pairwise_m1_pair_global/summary.csv,bc2c8ceea37280dd3169980e820bbb3add0b6ed7bcbdd8cf38935b99d64b3e16,/home/asd9112000/repair_rate/results/date2026/repair_rate/r3_formal_group/raw/n3_f8/two_pairwise_m1_pair_global/paired_policy_results_v1.csv,/home/asd9112000/repair_rate/results/date2026/repair_rate/r3_formal_group/corpus/n3_f8/paired_corpus_v1.csv,/home/asd9112000/repair_rate/results/date2026/repair_rate/r3_formal_group/raw/n3_f8/two_pairwise_m1_pair_global/paired_corpus_v1.csv,dss_paired_corpus_v1-ef38ebf5e5b4ccbe,two_pairwise_m1_pair_global,FROZEN_FORMAL
