point,classification,status,policy_count
n2_f12,NON_FROZEN_SIDECAR,DISCOVERED_NOT_PRIMARY,9
n2_f16,NON_FROZEN_SIDECAR,DISCOVERED_NOT_PRIMARY,9
n2_f20,NON_FROZEN_SIDECAR,DISCOVERED_NOT_PRIMARY,9
n2_f24,NON_FROZEN_SIDECAR,DISCOVERED_NOT_PRIMARY,9
n2_f28,NON_FROZEN_SIDECAR,DISCOVERED_NOT_PRIMARY,9
n2_f32,NON_FROZEN_SIDECAR,DISCOVERED_NOT_PRIMARY,9
n2_f8,NON_FROZEN_SIDECAR,DISCOVERED_NOT_PRIMARY,9
n3_f12,FROZEN_FORMAL,COMPLETE,9
n3_f16,FROZEN_FORMAL,COMPLETE,9
n3_f18,NON_FROZEN_SIDECAR,DISCOVERED_NOT_PRIMARY,9
n3_f20,FROZEN_FORMAL,COMPLETE,9
n3_f24,FROZEN_FORMAL,COMPLETE,9
n3_f28,FROZEN_FORMAL,COMPLETE,9
n3_f30,NON_FROZEN_SIDECAR,DISCOVERED_NOT_PRIMARY,9
n3_f32,FROZEN_FORMAL,COMPLETE,9
n3_f8,FROZEN_FORMAL,COMPLETE,9
