point,F_GROUP,imbalance_metric,imbalance_rank_quintile,policy,policy_label,groups,mean_variance,successes,repair_rate,gain_vs_local_percentage_points
n3_f24,24,population_variance_of_four_SA_fault_counts,1,local_no_sharing,LOCAL / no sharing,20000,0.922275,19869,0.99345,0.0
n3_f24,24,population_variance_of_four_SA_fault_counts,1,directional_m1_early,Directional EARLY,20000,0.922275,19975,0.99875,0.5299999999999971
n3_f24,24,population_variance_of_four_SA_fault_counts,1,directional_m1_group_greedy,Directional GROUP-GREEDY,20000,0.922275,19999,0.99995,0.649999999999995
n3_f24,24,population_variance_of_four_SA_fault_counts,2,local_no_sharing,LOCAL / no sharing,20000,2.11945,19416,0.9708,0.0
n3_f24,24,population_variance_of_four_SA_fault_counts,2,directional_m1_early,Directional EARLY,20000,2.11945,19884,0.9942,2.3399999999999976
n3_f24,24,population_variance_of_four_SA_fault_counts,2,directional_m1_group_greedy,Directional GROUP-GREEDY,20000,2.11945,19991,0.99955,2.8750000000000053
n3_f24,24,population_variance_of_four_SA_fault_counts,3,local_no_sharing,LOCAL / no sharing,20000,3.662425,18470,0.9235,0.0
n3_f24,24,population_variance_of_four_SA_fault_counts,3,directional_m1_early,Directional EARLY,20000,3.662425,19538,0.9769,5.34
n3_f24,24,population_variance_of_four_SA_fault_counts,3,directional_m1_group_greedy,Directional GROUP-GREEDY,20000,3.662425,19760,0.988,6.45
n3_f24,24,population_variance_of_four_SA_fault_counts,4,local_no_sharing,LOCAL / no sharing,20000,5.602075,17547,0.87735,0.0
n3_f24,24,population_variance_of_four_SA_fault_counts,4,directional_m1_early,Directional EARLY,20000,5.602075,18902,0.9451,6.775000000000009
n3_f24,24,population_variance_of_four_SA_fault_counts,4,directional_m1_group_greedy,Directional GROUP-GREEDY,20000,5.602075,19239,0.96195,8.46
n3_f24,24,population_variance_of_four_SA_fault_counts,5,local_no_sharing,LOCAL / no sharing,20000,10.21145,15559,0.77795,0.0
n3_f24,24,population_variance_of_four_SA_fault_counts,5,directional_m1_early,Directional EARLY,20000,10.21145,16953,0.84765,6.969999999999999
n3_f24,24,population_variance_of_four_SA_fault_counts,5,directional_m1_group_greedy,Directional GROUP-GREEDY,20000,10.21145,17397,0.86985,9.189999999999998
