RS,CS,m,F_GROUP,seed,policy,policy_label,layout,topology,solution_semantics,candidate_universe,groups,successes,failures,repair_rate,gain_vs_local_percentage_points
3,3,1,8,20263930,local_no_sharing,LOCAL / no sharing,2x2,none,legacy,LOCAL,100000,99998,2,0.99998,0.0
3,3,1,8,20263930,directional_m1_early,Directional EARLY,2x2,directional,early,generic_recam_candidate_v1,100000,100000,0,1.0,0.002000000000002
3,3,1,8,20263930,directional_m1_group_greedy,Directional GROUP-GREEDY,2x2,directional,group_greedy_rtl_canonical,frozen_date_2x2_m1,100000,100000,0,1.0,0.002000000000002
3,3,1,8,20263930,directional_m1_group_global,Directional generic GROUP-GLOBAL,2x2,directional,group_global,generic_recam_candidate_v1,100000,100000,0,1.0,0.002000000000002
3,3,1,8,20263930,pairwise_row_m1_early,Pairwise-row EARLY,2x2,edge,early,generic_recam_candidate_v1,100000,100000,0,1.0,0.002000000000002
3,3,1,8,20263930,two_pairwise_m1_early,Two-Pairwise EARLY,1x4,pair,one_by_four_two_pairwise_early_v1,topology-specific,100000,100000,0,1.0,0.002000000000002
3,3,1,8,20263930,two_pairwise_m1_pair_global,Two-Pairwise Pair-GLOBAL,1x4,pair,one_by_four_two_pairwise_pair_global_v1,topology-specific,100000,100000,0,1.0,0.002000000000002
3,3,1,8,20263930,single_hop_m1_early,Single-Hop EARLY,1x4,neighbor,one_by_four_single_hop_early_v1,topology-specific,100000,100000,0,1.0,0.002000000000002
3,3,1,8,20263930,single_hop_m1_global,Single-Hop GLOBAL,1x4,neighbor,one_by_four_single_hop_global_v1,topology-specific,100000,100000,0,1.0,0.002000000000002
3,3,1,12,20263934,local_no_sharing,LOCAL / no sharing,2x2,none,legacy,LOCAL,100000,99958,42,0.99958,0.0
3,3,1,12,20263934,directional_m1_early,Directional EARLY,2x2,directional,early,generic_recam_candidate_v1,100000,99998,2,0.99998,0.039999999999995595
3,3,1,12,20263934,directional_m1_group_greedy,Directional GROUP-GREEDY,2x2,directional,group_greedy_rtl_canonical,frozen_date_2x2_m1,100000,99998,2,0.99998,0.039999999999995595
3,3,1,12,20263934,directional_m1_group_global,Directional generic GROUP-GLOBAL,2x2,directional,group_global,generic_recam_candidate_v1,100000,99998,2,0.99998,0.039999999999995595
3,3,1,12,20263934,pairwise_row_m1_early,Pairwise-row EARLY,2x2,edge,early,generic_recam_candidate_v1,100000,99997,3,0.99997,0.039000000000000146
3,3,1,12,20263934,two_pairwise_m1_early,Two-Pairwise EARLY,1x4,pair,one_by_four_two_pairwise_early_v1,topology-specific,100000,99994,6,0.99994,0.036000000000002697
3,3,1,12,20263934,two_pairwise_m1_pair_global,Two-Pairwise Pair-GLOBAL,1x4,pair,one_by_four_two_pairwise_pair_global_v1,topology-specific,100000,99997,3,0.99997,0.039000000000000146
3,3,1,12,20263934,single_hop_m1_early,Single-Hop EARLY,1x4,neighbor,one_by_four_single_hop_early_v1,topology-specific,100000,99997,3,0.99997,0.039000000000000146
3,3,1,12,20263934,single_hop_m1_global,Single-Hop GLOBAL,1x4,neighbor,one_by_four_single_hop_global_v1,topology-specific,100000,99998,2,0.99998,0.039999999999995595
3,3,1,16,20263938,local_no_sharing,LOCAL / no sharing,2x2,none,legacy,LOCAL,100000,99368,632,0.99368,0.0
3,3,1,16,20263938,directional_m1_early,Directional EARLY,2x2,directional,early,generic_recam_candidate_v1,100000,99865,135,0.99865,0.497000000000003
3,3,1,16,20263938,directional_m1_group_greedy,Directional GROUP-GREEDY,2x2,directional,group_greedy_rtl_canonical,frozen_date_2x2_m1,100000,99883,117,0.99883,0.5149999999999988
3,3,1,16,20263938,directional_m1_group_global,Directional generic GROUP-GLOBAL,2x2,directional,group_global,generic_recam_candidate_v1,100000,99882,118,0.99882,0.5140000000000033
3,3,1,16,20263938,pairwise_row_m1_early,Pairwise-row EARLY,2x2,edge,early,generic_recam_candidate_v1,100000,99826,174,0.99826,0.45800000000000285
3,3,1,16,20263938,two_pairwise_m1_early,Two-Pairwise EARLY,1x4,pair,one_by_four_two_pairwise_early_v1,topology-specific,100000,99782,218,0.99782,0.41400000000000325
3,3,1,16,20263938,two_pairwise_m1_pair_global,Two-Pairwise Pair-GLOBAL,1x4,pair,one_by_four_two_pairwise_pair_global_v1,topology-specific,100000,99881,119,0.99881,0.5129999999999968
3,3,1,16,20263938,single_hop_m1_early,Single-Hop EARLY,1x4,neighbor,one_by_four_single_hop_early_v1,topology-specific,100000,99859,141,0.99859,0.490999999999997
3,3,1,16,20263938,single_hop_m1_global,Single-Hop GLOBAL,1x4,neighbor,one_by_four_single_hop_global_v1,topology-specific,100000,99926,74,0.99926,0.5580000000000029
3,3,1,20,20263942,local_no_sharing,LOCAL / no sharing,2x2,none,legacy,LOCAL,100000,96831,3169,0.96831,0.0
3,3,1,20,20263942,directional_m1_early,Directional EARLY,2x2,directional,early,generic_recam_candidate_v1,100000,98813,1187,0.98813,1.9819999999999949
3,3,1,20,20263942,directional_m1_group_greedy,Directional GROUP-GREEDY,2x2,directional,group_greedy_rtl_canonical,frozen_date_2x2_m1,100000,99049,951,0.99049,2.2179999999999978
3,3,1,20,20263942,directional_m1_group_global,Directional generic GROUP-GLOBAL,2x2,directional,group_global,generic_recam_candidate_v1,100000,99007,993,0.99007,2.176
3,3,1,20,20263942,pairwise_row_m1_early,Pairwise-row EARLY,2x2,edge,early,generic_recam_candidate_v1,100000,98478,1522,0.98478,1.6469999999999985
3,3,1,20,20263942,two_pairwise_m1_early,Two-Pairwise EARLY,1x4,pair,one_by_four_two_pairwise_early_v1,topology-specific,100000,98270,1730,0.9827,1.4390000000000014
3,3,1,20,20263942,two_pairwise_m1_pair_global,Two-Pairwise Pair-GLOBAL,1x4,pair,one_by_four_two_pairwise_pair_global_v1,topology-specific,100000,98916,1084,0.98916,2.0850000000000035
3,3,1,20,20263942,single_hop_m1_early,Single-Hop EARLY,1x4,neighbor,one_by_four_single_hop_early_v1,topology-specific,100000,98835,1165,0.98835,2.0039999999999947
3,3,1,20,20263942,single_hop_m1_global,Single-Hop GLOBAL,1x4,neighbor,one_by_four_single_hop_global_v1,topology-specific,100000,99373,627,0.99373,2.542
3,3,1,24,20263946,local_no_sharing,LOCAL / no sharing,2x2,none,legacy,LOCAL,100000,90861,9139,0.90861,0.0
3,3,1,24,20263946,directional_m1_early,Directional EARLY,2x2,directional,early,generic_recam_candidate_v1,100000,95252,4748,0.95252,4.391
3,3,1,24,20263946,directional_m1_group_greedy,Directional GROUP-GREEDY,2x2,directional,group_greedy_rtl_canonical,frozen_date_2x2_m1,100000,96386,3614,0.96386,5.525000000000002
3,3,1,24,20263946,directional_m1_group_global,Directional generic GROUP-GLOBAL,2x2,directional,group_global,generic_recam_candidate_v1,100000,95924,4076,0.95924,5.062999999999995
3,3,1,24,20263946,pairwise_row_m1_early,Pairwise-row EARLY,2x2,edge,early,generic_recam_candidate_v1,100000,94052,5948,0.94052,3.1909999999999994
3,3,1,24,20263946,two_pairwise_m1_early,Two-Pairwise EARLY,1x4,pair,one_by_four_two_pairwise_early_v1,topology-specific,100000,93514,6486,0.93514,2.6529999999999943
3,3,1,24,20263946,two_pairwise_m1_pair_global,Two-Pairwise Pair-GLOBAL,1x4,pair,one_by_four_two_pairwise_pair_global_v1,topology-specific,100000,95224,4776,0.95224,4.362999999999994
3,3,1,24,20263946,single_hop_m1_early,Single-Hop EARLY,1x4,neighbor,one_by_four_single_hop_early_v1,topology-specific,100000,94896,5104,0.94896,4.035
3,3,1,24,20263946,single_hop_m1_global,Single-Hop GLOBAL,1x4,neighbor,one_by_four_single_hop_global_v1,topology-specific,100000,97040,2960,0.9704,6.179000000000001
3,3,1,28,20263950,local_no_sharing,LOCAL / no sharing,2x2,none,legacy,LOCAL,100000,80599,19401,0.80599,0.0
3,3,1,28,20263950,directional_m1_early,Directional EARLY,2x2,directional,early,generic_recam_candidate_v1,100000,86691,13309,0.86691,6.091999999999997
3,3,1,28,20263950,directional_m1_group_greedy,Directional GROUP-GREEDY,2x2,directional,group_greedy_rtl_canonical,frozen_date_2x2_m1,100000,90112,9888,0.90112,9.513000000000005
3,3,1,28,20263950,directional_m1_group_global,Directional generic GROUP-GLOBAL,2x2,directional,group_global,generic_recam_candidate_v1,100000,87941,12059,0.87941,7.342000000000004
3,3,1,28,20263950,pairwise_row_m1_early,Pairwise-row EARLY,2x2,edge,early,generic_recam_candidate_v1,100000,84508,15492,0.84508,3.909000000000007
3,3,1,28,20263950,two_pairwise_m1_early,Two-Pairwise EARLY,1x4,pair,one_by_four_two_pairwise_early_v1,topology-specific,100000,83830,16170,0.8383,3.231000000000006
3,3,1,28,20263950,two_pairwise_m1_pair_global,Two-Pairwise Pair-GLOBAL,1x4,pair,one_by_four_two_pairwise_pair_global_v1,topology-specific,100000,86456,13544,0.86456,5.857000000000001
3,3,1,28,20263950,single_hop_m1_early,Single-Hop EARLY,1x4,neighbor,one_by_four_single_hop_early_v1,topology-specific,100000,85693,14307,0.85693,5.0939999999999985
3,3,1,28,20263950,single_hop_m1_global,Single-Hop GLOBAL,1x4,neighbor,one_by_four_single_hop_global_v1,topology-specific,100000,90331,9669,0.90331,9.731999999999996
3,3,1,32,20263954,local_no_sharing,LOCAL / no sharing,2x2,none,legacy,LOCAL,100000,67265,32735,0.67265,0.0
3,3,1,32,20263954,directional_m1_early,Directional EARLY,2x2,directional,early,generic_recam_candidate_v1,100000,72959,27041,0.72959,5.693999999999999
3,3,1,32,20263954,directional_m1_group_greedy,Directional GROUP-GREEDY,2x2,directional,group_greedy_rtl_canonical,frozen_date_2x2_m1,100000,79723,20277,0.79723,12.458000000000002
3,3,1,32,20263954,directional_m1_group_global,Directional generic GROUP-GLOBAL,2x2,directional,group_global,generic_recam_candidate_v1,100000,74207,25793,0.74207,6.942000000000004
3,3,1,32,20263954,pairwise_row_m1_early,Pairwise-row EARLY,2x2,edge,early,generic_recam_candidate_v1,100000,70931,29069,0.70931,3.6660000000000026
3,3,1,32,20263954,two_pairwise_m1_early,Two-Pairwise EARLY,1x4,pair,one_by_four_two_pairwise_early_v1,topology-specific,100000,70150,29850,0.7015,2.8850000000000042
3,3,1,32,20263954,two_pairwise_m1_pair_global,Two-Pairwise Pair-GLOBAL,1x4,pair,one_by_four_two_pairwise_pair_global_v1,topology-specific,100000,72449,27551,0.72449,5.183999999999999
3,3,1,32,20263954,single_hop_m1_early,Single-Hop EARLY,1x4,neighbor,one_by_four_single_hop_early_v1,topology-specific,100000,71707,28293,0.71707,4.442000000000002
3,3,1,32,20263954,single_hop_m1_global,Single-Hop GLOBAL,1x4,neighbor,one_by_four_single_hop_global_v1,topology-specific,100000,77144,22856,0.77144,9.879000000000005
