policy,G_state,N,mean_L_post_state,median_L_post_state,p95_L_post_state,max_L_post_state,zero_latency_count,zero_latency_fraction
EARLY,0,10000,1.433400,1,4,4,0,0.000000
EARLY,1,10000,0.433400,0,3,3,7247,0.724700
EARLY,2,10000,0.158100,0,2,2,8990,0.899000
EARLY,3,10000,0.057100,0,1,1,9429,0.942900
EARLY,4,10000,0.000000,0,0,0,10000,1.000000
EARLY,5,10000,0.000000,0,0,0,10000,1.000000
EARLY,6,10000,0.000000,0,0,0,10000,1.000000
EARLY,7,10000,0.000000,0,0,0,10000,1.000000
EARLY,8,10000,0.000000,0,0,0,10000,1.000000
GROUP,0,10000,5.000000,5,5,5,0,0.000000
GROUP,1,10000,4.000000,4,4,4,0,0.000000
GROUP,2,10000,3.000000,3,3,3,0,0.000000
GROUP,3,10000,2.000000,2,2,2,0,0.000000
GROUP,4,10000,1.000000,1,1,1,0,0.000000
GROUP,5,10000,0.000000,0,0,0,10000,1.000000
GROUP,6,10000,0.000000,0,0,0,10000,1.000000
GROUP,7,10000,0.000000,0,0,0,10000,1.000000
GROUP,8,10000,0.000000,0,0,0,10000,1.000000
