RS,CS,F_GROUP,seed,corpus_id,policy,imbalance_bin,method,lower_stddev,upper_stddev,groups,successes,failures,repair_rate,gain_vs_local_pp
3,3,8,20263930,dss_paired_corpus_v1-ef38ebf5e5b4ccbe,local_no_sharing,1,rank_quintile_v1,0.0,0.7071067811865476,20000,20000,0,1.0,0.0
3,3,8,20263930,dss_paired_corpus_v1-ef38ebf5e5b4ccbe,local_no_sharing,2,rank_quintile_v1,0.7071067811865476,1.0,20000,20000,0,1.0,0.0
3,3,8,20263930,dss_paired_corpus_v1-ef38ebf5e5b4ccbe,local_no_sharing,3,rank_quintile_v1,1.0,1.224744871391589,20000,20000,0,1.0,0.0
3,3,8,20263930,dss_paired_corpus_v1-ef38ebf5e5b4ccbe,local_no_sharing,4,rank_quintile_v1,1.224744871391589,1.5811388300841898,20000,20000,0,1.0,0.0
3,3,8,20263930,dss_paired_corpus_v1-ef38ebf5e5b4ccbe,local_no_sharing,5,rank_quintile_v1,1.5811388300841898,3.4641016151377544,20000,19998,2,0.9999,0.0
3,3,8,20263930,dss_paired_corpus_v1-ef38ebf5e5b4ccbe,directional_m1_early,1,rank_quintile_v1,0.0,0.7071067811865476,20000,20000,0,1.0,0.0
3,3,8,20263930,dss_paired_corpus_v1-ef38ebf5e5b4ccbe,directional_m1_early,2,rank_quintile_v1,0.7071067811865476,1.0,20000,20000,0,1.0,0.0
3,3,8,20263930,dss_paired_corpus_v1-ef38ebf5e5b4ccbe,directional_m1_early,3,rank_quintile_v1,1.0,1.224744871391589,20000,20000,0,1.0,0.0
3,3,8,20263930,dss_paired_corpus_v1-ef38ebf5e5b4ccbe,directional_m1_early,4,rank_quintile_v1,1.224744871391589,1.5811388300841898,20000,20000,0,1.0,0.0
3,3,8,20263930,dss_paired_corpus_v1-ef38ebf5e5b4ccbe,directional_m1_early,5,rank_quintile_v1,1.5811388300841898,3.4641016151377544,20000,20000,0,1.0,0.009999999999998899
3,3,8,20263930,dss_paired_corpus_v1-ef38ebf5e5b4ccbe,directional_m1_group_greedy,1,rank_quintile_v1,0.0,0.7071067811865476,20000,20000,0,1.0,0.0
3,3,8,20263930,dss_paired_corpus_v1-ef38ebf5e5b4ccbe,directional_m1_group_greedy,2,rank_quintile_v1,0.7071067811865476,1.0,20000,20000,0,1.0,0.0
3,3,8,20263930,dss_paired_corpus_v1-ef38ebf5e5b4ccbe,directional_m1_group_greedy,3,rank_quintile_v1,1.0,1.224744871391589,20000,20000,0,1.0,0.0
3,3,8,20263930,dss_paired_corpus_v1-ef38ebf5e5b4ccbe,directional_m1_group_greedy,4,rank_quintile_v1,1.224744871391589,1.5811388300841898,20000,20000,0,1.0,0.0
3,3,8,20263930,dss_paired_corpus_v1-ef38ebf5e5b4ccbe,directional_m1_group_greedy,5,rank_quintile_v1,1.5811388300841898,3.4641016151377544,20000,20000,0,1.0,0.009999999999998899
3,3,8,20263930,dss_paired_corpus_v1-ef38ebf5e5b4ccbe,directional_m1_group_global,1,rank_quintile_v1,0.0,0.7071067811865476,20000,20000,0,1.0,0.0
3,3,8,20263930,dss_paired_corpus_v1-ef38ebf5e5b4ccbe,directional_m1_group_global,2,rank_quintile_v1,0.7071067811865476,1.0,20000,20000,0,1.0,0.0
3,3,8,20263930,dss_paired_corpus_v1-ef38ebf5e5b4ccbe,directional_m1_group_global,3,rank_quintile_v1,1.0,1.224744871391589,20000,20000,0,1.0,0.0
3,3,8,20263930,dss_paired_corpus_v1-ef38ebf5e5b4ccbe,directional_m1_group_global,4,rank_quintile_v1,1.224744871391589,1.5811388300841898,20000,20000,0,1.0,0.0
3,3,8,20263930,dss_paired_corpus_v1-ef38ebf5e5b4ccbe,directional_m1_group_global,5,rank_quintile_v1,1.5811388300841898,3.4641016151377544,20000,20000,0,1.0,0.009999999999998899
3,3,8,20263930,dss_paired_corpus_v1-ef38ebf5e5b4ccbe,pairwise_row_m1_early,1,rank_quintile_v1,0.0,0.7071067811865476,20000,20000,0,1.0,0.0
3,3,8,20263930,dss_paired_corpus_v1-ef38ebf5e5b4ccbe,pairwise_row_m1_early,2,rank_quintile_v1,0.7071067811865476,1.0,20000,20000,0,1.0,0.0
3,3,8,20263930,dss_paired_corpus_v1-ef38ebf5e5b4ccbe,pairwise_row_m1_early,3,rank_quintile_v1,1.0,1.224744871391589,20000,20000,0,1.0,0.0
3,3,8,20263930,dss_paired_corpus_v1-ef38ebf5e5b4ccbe,pairwise_row_m1_early,4,rank_quintile_v1,1.224744871391589,1.5811388300841898,20000,20000,0,1.0,0.0
3,3,8,20263930,dss_paired_corpus_v1-ef38ebf5e5b4ccbe,pairwise_row_m1_early,5,rank_quintile_v1,1.5811388300841898,3.4641016151377544,20000,20000,0,1.0,0.009999999999998899
3,3,8,20263930,dss_paired_corpus_v1-ef38ebf5e5b4ccbe,two_pairwise_m1_early,1,rank_quintile_v1,0.0,0.7071067811865476,20000,20000,0,1.0,0.0
3,3,8,20263930,dss_paired_corpus_v1-ef38ebf5e5b4ccbe,two_pairwise_m1_early,2,rank_quintile_v1,0.7071067811865476,1.0,20000,20000,0,1.0,0.0
3,3,8,20263930,dss_paired_corpus_v1-ef38ebf5e5b4ccbe,two_pairwise_m1_early,3,rank_quintile_v1,1.0,1.224744871391589,20000,20000,0,1.0,0.0
3,3,8,20263930,dss_paired_corpus_v1-ef38ebf5e5b4ccbe,two_pairwise_m1_early,4,rank_quintile_v1,1.224744871391589,1.5811388300841898,20000,20000,0,1.0,0.0
3,3,8,20263930,dss_paired_corpus_v1-ef38ebf5e5b4ccbe,two_pairwise_m1_early,5,rank_quintile_v1,1.5811388300841898,3.4641016151377544,20000,20000,0,1.0,0.009999999999998899
3,3,8,20263930,dss_paired_corpus_v1-ef38ebf5e5b4ccbe,two_pairwise_m1_pair_global,1,rank_quintile_v1,0.0,0.7071067811865476,20000,20000,0,1.0,0.0
3,3,8,20263930,dss_paired_corpus_v1-ef38ebf5e5b4ccbe,two_pairwise_m1_pair_global,2,rank_quintile_v1,0.7071067811865476,1.0,20000,20000,0,1.0,0.0
3,3,8,20263930,dss_paired_corpus_v1-ef38ebf5e5b4ccbe,two_pairwise_m1_pair_global,3,rank_quintile_v1,1.0,1.224744871391589,20000,20000,0,1.0,0.0
3,3,8,20263930,dss_paired_corpus_v1-ef38ebf5e5b4ccbe,two_pairwise_m1_pair_global,4,rank_quintile_v1,1.224744871391589,1.5811388300841898,20000,20000,0,1.0,0.0
3,3,8,20263930,dss_paired_corpus_v1-ef38ebf5e5b4ccbe,two_pairwise_m1_pair_global,5,rank_quintile_v1,1.5811388300841898,3.4641016151377544,20000,20000,0,1.0,0.009999999999998899
3,3,8,20263930,dss_paired_corpus_v1-ef38ebf5e5b4ccbe,single_hop_m1_early,1,rank_quintile_v1,0.0,0.7071067811865476,20000,20000,0,1.0,0.0
3,3,8,20263930,dss_paired_corpus_v1-ef38ebf5e5b4ccbe,single_hop_m1_early,2,rank_quintile_v1,0.7071067811865476,1.0,20000,20000,0,1.0,0.0
3,3,8,20263930,dss_paired_corpus_v1-ef38ebf5e5b4ccbe,single_hop_m1_early,3,rank_quintile_v1,1.0,1.224744871391589,20000,20000,0,1.0,0.0
3,3,8,20263930,dss_paired_corpus_v1-ef38ebf5e5b4ccbe,single_hop_m1_early,4,rank_quintile_v1,1.224744871391589,1.5811388300841898,20000,20000,0,1.0,0.0
3,3,8,20263930,dss_paired_corpus_v1-ef38ebf5e5b4ccbe,single_hop_m1_early,5,rank_quintile_v1,1.5811388300841898,3.4641016151377544,20000,20000,0,1.0,0.009999999999998899
3,3,8,20263930,dss_paired_corpus_v1-ef38ebf5e5b4ccbe,single_hop_m1_global,1,rank_quintile_v1,0.0,0.7071067811865476,20000,20000,0,1.0,0.0
3,3,8,20263930,dss_paired_corpus_v1-ef38ebf5e5b4ccbe,single_hop_m1_global,2,rank_quintile_v1,0.7071067811865476,1.0,20000,20000,0,1.0,0.0
3,3,8,20263930,dss_paired_corpus_v1-ef38ebf5e5b4ccbe,single_hop_m1_global,3,rank_quintile_v1,1.0,1.224744871391589,20000,20000,0,1.0,0.0
3,3,8,20263930,dss_paired_corpus_v1-ef38ebf5e5b4ccbe,single_hop_m1_global,4,rank_quintile_v1,1.224744871391589,1.5811388300841898,20000,20000,0,1.0,0.0
3,3,8,20263930,dss_paired_corpus_v1-ef38ebf5e5b4ccbe,single_hop_m1_global,5,rank_quintile_v1,1.5811388300841898,3.4641016151377544,20000,20000,0,1.0,0.009999999999998899
3,3,12,20263934,dss_paired_corpus_v1-5133d229dc269f7a,local_no_sharing,1,rank_quintile_v1,0.0,0.7071067811865476,20000,20000,0,1.0,0.0
3,3,12,20263934,dss_paired_corpus_v1-5133d229dc269f7a,local_no_sharing,2,rank_quintile_v1,0.7071067811865476,1.224744871391589,20000,20000,0,1.0,0.0
3,3,12,20263934,dss_paired_corpus_v1-5133d229dc269f7a,local_no_sharing,3,rank_quintile_v1,1.224744871391589,1.5811388300841898,20000,20000,0,1.0,0.0
3,3,12,20263934,dss_paired_corpus_v1-5133d229dc269f7a,local_no_sharing,4,rank_quintile_v1,1.5811388300841898,1.8708286933869707,20000,19999,1,0.99995,0.0
3,3,12,20263934,dss_paired_corpus_v1-5133d229dc269f7a,local_no_sharing,5,rank_quintile_v1,1.8708286933869707,4.636809247747852,20000,19959,41,0.99795,0.0
3,3,12,20263934,dss_paired_corpus_v1-5133d229dc269f7a,directional_m1_early,1,rank_quintile_v1,0.0,0.7071067811865476,20000,20000,0,1.0,0.0
3,3,12,20263934,dss_paired_corpus_v1-5133d229dc269f7a,directional_m1_early,2,rank_quintile_v1,0.7071067811865476,1.224744871391589,20000,20000,0,1.0,0.0
3,3,12,20263934,dss_paired_corpus_v1-5133d229dc269f7a,directional_m1_early,3,rank_quintile_v1,1.224744871391589,1.5811388300841898,20000,20000,0,1.0,0.0
3,3,12,20263934,dss_paired_corpus_v1-5133d229dc269f7a,directional_m1_early,4,rank_quintile_v1,1.5811388300841898,1.8708286933869707,20000,20000,0,1.0,0.004999999999999449
3,3,12,20263934,dss_paired_corpus_v1-5133d229dc269f7a,directional_m1_early,5,rank_quintile_v1,1.8708286933869707,4.636809247747852,20000,19998,2,0.9999,0.19500000000000073
3,3,12,20263934,dss_paired_corpus_v1-5133d229dc269f7a,directional_m1_group_greedy,1,rank_quintile_v1,0.0,0.7071067811865476,20000,20000,0,1.0,0.0
3,3,12,20263934,dss_paired_corpus_v1-5133d229dc269f7a,directional_m1_group_greedy,2,rank_quintile_v1,0.7071067811865476,1.224744871391589,20000,20000,0,1.0,0.0
3,3,12,20263934,dss_paired_corpus_v1-5133d229dc269f7a,directional_m1_group_greedy,3,rank_quintile_v1,1.224744871391589,1.5811388300841898,20000,20000,0,1.0,0.0
3,3,12,20263934,dss_paired_corpus_v1-5133d229dc269f7a,directional_m1_group_greedy,4,rank_quintile_v1,1.5811388300841898,1.8708286933869707,20000,20000,0,1.0,0.004999999999999449
3,3,12,20263934,dss_paired_corpus_v1-5133d229dc269f7a,directional_m1_group_greedy,5,rank_quintile_v1,1.8708286933869707,4.636809247747852,20000,19998,2,0.9999,0.19500000000000073
3,3,12,20263934,dss_paired_corpus_v1-5133d229dc269f7a,directional_m1_group_global,1,rank_quintile_v1,0.0,0.7071067811865476,20000,20000,0,1.0,0.0
3,3,12,20263934,dss_paired_corpus_v1-5133d229dc269f7a,directional_m1_group_global,2,rank_quintile_v1,0.7071067811865476,1.224744871391589,20000,20000,0,1.0,0.0
3,3,12,20263934,dss_paired_corpus_v1-5133d229dc269f7a,directional_m1_group_global,3,rank_quintile_v1,1.224744871391589,1.5811388300841898,20000,20000,0,1.0,0.0
3,3,12,20263934,dss_paired_corpus_v1-5133d229dc269f7a,directional_m1_group_global,4,rank_quintile_v1,1.5811388300841898,1.8708286933869707,20000,20000,0,1.0,0.004999999999999449
3,3,12,20263934,dss_paired_corpus_v1-5133d229dc269f7a,directional_m1_group_global,5,rank_quintile_v1,1.8708286933869707,4.636809247747852,20000,19998,2,0.9999,0.19500000000000073
3,3,12,20263934,dss_paired_corpus_v1-5133d229dc269f7a,pairwise_row_m1_early,1,rank_quintile_v1,0.0,0.7071067811865476,20000,20000,0,1.0,0.0
3,3,12,20263934,dss_paired_corpus_v1-5133d229dc269f7a,pairwise_row_m1_early,2,rank_quintile_v1,0.7071067811865476,1.224744871391589,20000,20000,0,1.0,0.0
3,3,12,20263934,dss_paired_corpus_v1-5133d229dc269f7a,pairwise_row_m1_early,3,rank_quintile_v1,1.224744871391589,1.5811388300841898,20000,20000,0,1.0,0.0
3,3,12,20263934,dss_paired_corpus_v1-5133d229dc269f7a,pairwise_row_m1_early,4,rank_quintile_v1,1.5811388300841898,1.8708286933869707,20000,20000,0,1.0,0.004999999999999449
3,3,12,20263934,dss_paired_corpus_v1-5133d229dc269f7a,pairwise_row_m1_early,5,rank_quintile_v1,1.8708286933869707,4.636809247747852,20000,19997,3,0.99985,0.19000000000000128
3,3,12,20263934,dss_paired_corpus_v1-5133d229dc269f7a,two_pairwise_m1_early,1,rank_quintile_v1,0.0,0.7071067811865476,20000,20000,0,1.0,0.0
3,3,12,20263934,dss_paired_corpus_v1-5133d229dc269f7a,two_pairwise_m1_early,2,rank_quintile_v1,0.7071067811865476,1.224744871391589,20000,20000,0,1.0,0.0
3,3,12,20263934,dss_paired_corpus_v1-5133d229dc269f7a,two_pairwise_m1_early,3,rank_quintile_v1,1.224744871391589,1.5811388300841898,20000,20000,0,1.0,0.0
3,3,12,20263934,dss_paired_corpus_v1-5133d229dc269f7a,two_pairwise_m1_early,4,rank_quintile_v1,1.5811388300841898,1.8708286933869707,20000,19999,1,0.99995,0.0
3,3,12,20263934,dss_paired_corpus_v1-5133d229dc269f7a,two_pairwise_m1_early,5,rank_quintile_v1,1.8708286933869707,4.636809247747852,20000,19995,5,0.99975,0.18000000000000238
3,3,12,20263934,dss_paired_corpus_v1-5133d229dc269f7a,two_pairwise_m1_pair_global,1,rank_quintile_v1,0.0,0.7071067811865476,20000,20000,0,1.0,0.0
3,3,12,20263934,dss_paired_corpus_v1-5133d229dc269f7a,two_pairwise_m1_pair_global,2,rank_quintile_v1,0.7071067811865476,1.224744871391589,20000,20000,0,1.0,0.0
3,3,12,20263934,dss_paired_corpus_v1-5133d229dc269f7a,two_pairwise_m1_pair_global,3,rank_quintile_v1,1.224744871391589,1.5811388300841898,20000,20000,0,1.0,0.0
3,3,12,20263934,dss_paired_corpus_v1-5133d229dc269f7a,two_pairwise_m1_pair_global,4,rank_quintile_v1,1.5811388300841898,1.8708286933869707,20000,20000,0,1.0,0.004999999999999449
3,3,12,20263934,dss_paired_corpus_v1-5133d229dc269f7a,two_pairwise_m1_pair_global,5,rank_quintile_v1,1.8708286933869707,4.636809247747852,20000,19997,3,0.99985,0.19000000000000128
3,3,12,20263934,dss_paired_corpus_v1-5133d229dc269f7a,single_hop_m1_early,1,rank_quintile_v1,0.0,0.7071067811865476,20000,20000,0,1.0,0.0
3,3,12,20263934,dss_paired_corpus_v1-5133d229dc269f7a,single_hop_m1_early,2,rank_quintile_v1,0.7071067811865476,1.224744871391589,20000,20000,0,1.0,0.0
3,3,12,20263934,dss_paired_corpus_v1-5133d229dc269f7a,single_hop_m1_early,3,rank_quintile_v1,1.224744871391589,1.5811388300841898,20000,20000,0,1.0,0.0
3,3,12,20263934,dss_paired_corpus_v1-5133d229dc269f7a,single_hop_m1_early,4,rank_quintile_v1,1.5811388300841898,1.8708286933869707,20000,20000,0,1.0,0.004999999999999449
3,3,12,20263934,dss_paired_corpus_v1-5133d229dc269f7a,single_hop_m1_early,5,rank_quintile_v1,1.8708286933869707,4.636809247747852,20000,19997,3,0.99985,0.19000000000000128
3,3,12,20263934,dss_paired_corpus_v1-5133d229dc269f7a,single_hop_m1_global,1,rank_quintile_v1,0.0,0.7071067811865476,20000,20000,0,1.0,0.0
3,3,12,20263934,dss_paired_corpus_v1-5133d229dc269f7a,single_hop_m1_global,2,rank_quintile_v1,0.7071067811865476,1.224744871391589,20000,20000,0,1.0,0.0
3,3,12,20263934,dss_paired_corpus_v1-5133d229dc269f7a,single_hop_m1_global,3,rank_quintile_v1,1.224744871391589,1.5811388300841898,20000,20000,0,1.0,0.0
3,3,12,20263934,dss_paired_corpus_v1-5133d229dc269f7a,single_hop_m1_global,4,rank_quintile_v1,1.5811388300841898,1.8708286933869707,20000,20000,0,1.0,0.004999999999999449
3,3,12,20263934,dss_paired_corpus_v1-5133d229dc269f7a,single_hop_m1_global,5,rank_quintile_v1,1.8708286933869707,4.636809247747852,20000,19998,2,0.9999,0.19500000000000073
3,3,16,20263938,dss_paired_corpus_v1-532e171caff3ddd5,local_no_sharing,1,rank_quintile_v1,0.0,1.0,20000,20000,0,1.0,0.0
3,3,16,20263938,dss_paired_corpus_v1-532e171caff3ddd5,local_no_sharing,2,rank_quintile_v1,1.0,1.4142135623730951,20000,20000,0,1.0,0.0
3,3,16,20263938,dss_paired_corpus_v1-532e171caff3ddd5,local_no_sharing,3,rank_quintile_v1,1.4142135623730951,1.7320508075688772,20000,19997,3,0.99985,0.0
3,3,16,20263938,dss_paired_corpus_v1-532e171caff3ddd5,local_no_sharing,4,rank_quintile_v1,1.7320508075688772,2.1213203435596424,20000,19994,6,0.9997,0.0
3,3,16,20263938,dss_paired_corpus_v1-532e171caff3ddd5,local_no_sharing,5,rank_quintile_v1,2.1213203435596424,4.743416490252569,20000,19377,623,0.96885,0.0
3,3,16,20263938,dss_paired_corpus_v1-532e171caff3ddd5,directional_m1_early,1,rank_quintile_v1,0.0,1.0,20000,20000,0,1.0,0.0
3,3,16,20263938,dss_paired_corpus_v1-532e171caff3ddd5,directional_m1_early,2,rank_quintile_v1,1.0,1.4142135623730951,20000,20000,0,1.0,0.0
3,3,16,20263938,dss_paired_corpus_v1-532e171caff3ddd5,directional_m1_early,3,rank_quintile_v1,1.4142135623730951,1.7320508075688772,20000,20000,0,1.0,0.014999999999998348
3,3,16,20263938,dss_paired_corpus_v1-532e171caff3ddd5,directional_m1_early,4,rank_quintile_v1,1.7320508075688772,2.1213203435596424,20000,19999,1,0.99995,0.024999999999997247
3,3,16,20263938,dss_paired_corpus_v1-532e171caff3ddd5,directional_m1_early,5,rank_quintile_v1,2.1213203435596424,4.743416490252569,20000,19866,134,0.9933,2.444999999999997
3,3,16,20263938,dss_paired_corpus_v1-532e171caff3ddd5,directional_m1_group_greedy,1,rank_quintile_v1,0.0,1.0,20000,20000,0,1.0,0.0
3,3,16,20263938,dss_paired_corpus_v1-532e171caff3ddd5,directional_m1_group_greedy,2,rank_quintile_v1,1.0,1.4142135623730951,20000,20000,0,1.0,0.0
3,3,16,20263938,dss_paired_corpus_v1-532e171caff3ddd5,directional_m1_group_greedy,3,rank_quintile_v1,1.4142135623730951,1.7320508075688772,20000,20000,0,1.0,0.014999999999998348
3,3,16,20263938,dss_paired_corpus_v1-532e171caff3ddd5,directional_m1_group_greedy,4,rank_quintile_v1,1.7320508075688772,2.1213203435596424,20000,20000,0,1.0,0.029999999999996696
3,3,16,20263938,dss_paired_corpus_v1-532e171caff3ddd5,directional_m1_group_greedy,5,rank_quintile_v1,2.1213203435596424,4.743416490252569,20000,19883,117,0.99415,2.529999999999999
3,3,16,20263938,dss_paired_corpus_v1-532e171caff3ddd5,directional_m1_group_global,1,rank_quintile_v1,0.0,1.0,20000,20000,0,1.0,0.0
3,3,16,20263938,dss_paired_corpus_v1-532e171caff3ddd5,directional_m1_group_global,2,rank_quintile_v1,1.0,1.4142135623730951,20000,20000,0,1.0,0.0
3,3,16,20263938,dss_paired_corpus_v1-532e171caff3ddd5,directional_m1_group_global,3,rank_quintile_v1,1.4142135623730951,1.7320508075688772,20000,20000,0,1.0,0.014999999999998348
3,3,16,20263938,dss_paired_corpus_v1-532e171caff3ddd5,directional_m1_group_global,4,rank_quintile_v1,1.7320508075688772,2.1213203435596424,20000,20000,0,1.0,0.029999999999996696
3,3,16,20263938,dss_paired_corpus_v1-532e171caff3ddd5,directional_m1_group_global,5,rank_quintile_v1,2.1213203435596424,4.743416490252569,20000,19882,118,0.9941,2.5249999999999995
3,3,16,20263938,dss_paired_corpus_v1-532e171caff3ddd5,pairwise_row_m1_early,1,rank_quintile_v1,0.0,1.0,20000,20000,0,1.0,0.0
3,3,16,20263938,dss_paired_corpus_v1-532e171caff3ddd5,pairwise_row_m1_early,2,rank_quintile_v1,1.0,1.4142135623730951,20000,20000,0,1.0,0.0
3,3,16,20263938,dss_paired_corpus_v1-532e171caff3ddd5,pairwise_row_m1_early,3,rank_quintile_v1,1.4142135623730951,1.7320508075688772,20000,19999,1,0.99995,0.009999999999998899
3,3,16,20263938,dss_paired_corpus_v1-532e171caff3ddd5,pairwise_row_m1_early,4,rank_quintile_v1,1.7320508075688772,2.1213203435596424,20000,19998,2,0.9999,0.019999999999997797
3,3,16,20263938,dss_paired_corpus_v1-532e171caff3ddd5,pairwise_row_m1_early,5,rank_quintile_v1,2.1213203435596424,4.743416490252569,20000,19829,171,0.99145,2.2600000000000064
3,3,16,20263938,dss_paired_corpus_v1-532e171caff3ddd5,two_pairwise_m1_early,1,rank_quintile_v1,0.0,1.0,20000,20000,0,1.0,0.0
3,3,16,20263938,dss_paired_corpus_v1-532e171caff3ddd5,two_pairwise_m1_early,2,rank_quintile_v1,1.0,1.4142135623730951,20000,20000,0,1.0,0.0
3,3,16,20263938,dss_paired_corpus_v1-532e171caff3ddd5,two_pairwise_m1_early,3,rank_quintile_v1,1.4142135623730951,1.7320508075688772,20000,19999,1,0.99995,0.009999999999998899
3,3,16,20263938,dss_paired_corpus_v1-532e171caff3ddd5,two_pairwise_m1_early,4,rank_quintile_v1,1.7320508075688772,2.1213203435596424,20000,20000,0,1.0,0.029999999999996696
3,3,16,20263938,dss_paired_corpus_v1-532e171caff3ddd5,two_pairwise_m1_early,5,rank_quintile_v1,2.1213203435596424,4.743416490252569,20000,19783,217,0.98915,2.0299999999999985
3,3,16,20263938,dss_paired_corpus_v1-532e171caff3ddd5,two_pairwise_m1_pair_global,1,rank_quintile_v1,0.0,1.0,20000,20000,0,1.0,0.0
3,3,16,20263938,dss_paired_corpus_v1-532e171caff3ddd5,two_pairwise_m1_pair_global,2,rank_quintile_v1,1.0,1.4142135623730951,20000,20000,0,1.0,0.0
3,3,16,20263938,dss_paired_corpus_v1-532e171caff3ddd5,two_pairwise_m1_pair_global,3,rank_quintile_v1,1.4142135623730951,1.7320508075688772,20000,20000,0,1.0,0.014999999999998348
3,3,16,20263938,dss_paired_corpus_v1-532e171caff3ddd5,two_pairwise_m1_pair_global,4,rank_quintile_v1,1.7320508075688772,2.1213203435596424,20000,20000,0,1.0,0.029999999999996696
3,3,16,20263938,dss_paired_corpus_v1-532e171caff3ddd5,two_pairwise_m1_pair_global,5,rank_quintile_v1,2.1213203435596424,4.743416490252569,20000,19881,119,0.99405,2.52
3,3,16,20263938,dss_paired_corpus_v1-532e171caff3ddd5,single_hop_m1_early,1,rank_quintile_v1,0.0,1.0,20000,20000,0,1.0,0.0
3,3,16,20263938,dss_paired_corpus_v1-532e171caff3ddd5,single_hop_m1_early,2,rank_quintile_v1,1.0,1.4142135623730951,20000,20000,0,1.0,0.0
3,3,16,20263938,dss_paired_corpus_v1-532e171caff3ddd5,single_hop_m1_early,3,rank_quintile_v1,1.4142135623730951,1.7320508075688772,20000,20000,0,1.0,0.014999999999998348
3,3,16,20263938,dss_paired_corpus_v1-532e171caff3ddd5,single_hop_m1_early,4,rank_quintile_v1,1.7320508075688772,2.1213203435596424,20000,20000,0,1.0,0.029999999999996696
3,3,16,20263938,dss_paired_corpus_v1-532e171caff3ddd5,single_hop_m1_early,5,rank_quintile_v1,2.1213203435596424,4.743416490252569,20000,19859,141,0.99295,2.410000000000001
3,3,16,20263938,dss_paired_corpus_v1-532e171caff3ddd5,single_hop_m1_global,1,rank_quintile_v1,0.0,1.0,20000,20000,0,1.0,0.0
3,3,16,20263938,dss_paired_corpus_v1-532e171caff3ddd5,single_hop_m1_global,2,rank_quintile_v1,1.0,1.4142135623730951,20000,20000,0,1.0,0.0
3,3,16,20263938,dss_paired_corpus_v1-532e171caff3ddd5,single_hop_m1_global,3,rank_quintile_v1,1.4142135623730951,1.7320508075688772,20000,20000,0,1.0,0.014999999999998348
3,3,16,20263938,dss_paired_corpus_v1-532e171caff3ddd5,single_hop_m1_global,4,rank_quintile_v1,1.7320508075688772,2.1213203435596424,20000,20000,0,1.0,0.029999999999996696
3,3,16,20263938,dss_paired_corpus_v1-532e171caff3ddd5,single_hop_m1_global,5,rank_quintile_v1,2.1213203435596424,4.743416490252569,20000,19926,74,0.9963,2.7449999999999974
3,3,20,20263942,dss_paired_corpus_v1-da405125bb04c005,local_no_sharing,1,rank_quintile_v1,0.0,1.224744871391589,20000,19996,4,0.9998,0.0
3,3,20,20263942,dss_paired_corpus_v1-da405125bb04c005,local_no_sharing,2,rank_quintile_v1,1.224744871391589,1.5811388300841898,20000,19986,14,0.9993,0.0
3,3,20,20263942,dss_paired_corpus_v1-da405125bb04c005,local_no_sharing,3,rank_quintile_v1,1.5811388300841898,1.8708286933869707,20000,19748,252,0.9874,0.0
3,3,20,20263942,dss_paired_corpus_v1-da405125bb04c005,local_no_sharing,4,rank_quintile_v1,1.8708286933869707,2.449489742783178,20000,19365,635,0.96825,0.0
3,3,20,20263942,dss_paired_corpus_v1-da405125bb04c005,local_no_sharing,5,rank_quintile_v1,2.449489742783178,5.958187643906492,20000,17736,2264,0.8868,0.0
3,3,20,20263942,dss_paired_corpus_v1-da405125bb04c005,directional_m1_early,1,rank_quintile_v1,0.0,1.224744871391589,20000,19999,1,0.99995,0.014999999999998348
3,3,20,20263942,dss_paired_corpus_v1-da405125bb04c005,directional_m1_early,2,rank_quintile_v1,1.224744871391589,1.5811388300841898,20000,19999,1,0.99995,0.06500000000000394
3,3,20,20263942,dss_paired_corpus_v1-da405125bb04c005,directional_m1_early,3,rank_quintile_v1,1.5811388300841898,1.8708286933869707,20000,19975,25,0.99875,1.1349999999999971
3,3,20,20263942,dss_paired_corpus_v1-da405125bb04c005,directional_m1_early,4,rank_quintile_v1,1.8708286933869707,2.449489742783178,20000,19868,132,0.9934,2.5149999999999895
3,3,20,20263942,dss_paired_corpus_v1-da405125bb04c005,directional_m1_early,5,rank_quintile_v1,2.449489742783178,5.958187643906492,20000,18972,1028,0.9486,6.179999999999996
3,3,20,20263942,dss_paired_corpus_v1-da405125bb04c005,directional_m1_group_greedy,1,rank_quintile_v1,0.0,1.224744871391589,20000,20000,0,1.0,0.019999999999997797
3,3,20,20263942,dss_paired_corpus_v1-da405125bb04c005,directional_m1_group_greedy,2,rank_quintile_v1,1.224744871391589,1.5811388300841898,20000,20000,0,1.0,0.07000000000000339
3,3,20,20263942,dss_paired_corpus_v1-da405125bb04c005,directional_m1_group_greedy,3,rank_quintile_v1,1.5811388300841898,1.8708286933869707,20000,19997,3,0.99985,1.244999999999996
3,3,20,20263942,dss_paired_corpus_v1-da405125bb04c005,directional_m1_group_greedy,4,rank_quintile_v1,1.8708286933869707,2.449489742783178,20000,19936,64,0.9968,2.8549999999999964
3,3,20,20263942,dss_paired_corpus_v1-da405125bb04c005,directional_m1_group_greedy,5,rank_quintile_v1,2.449489742783178,5.958187643906492,20000,19116,884,0.9558,6.899999999999995
3,3,20,20263942,dss_paired_corpus_v1-da405125bb04c005,directional_m1_group_global,1,rank_quintile_v1,0.0,1.224744871391589,20000,20000,0,1.0,0.019999999999997797
3,3,20,20263942,dss_paired_corpus_v1-da405125bb04c005,directional_m1_group_global,2,rank_quintile_v1,1.224744871391589,1.5811388300841898,20000,20000,0,1.0,0.07000000000000339
3,3,20,20263942,dss_paired_corpus_v1-da405125bb04c005,directional_m1_group_global,3,rank_quintile_v1,1.5811388300841898,1.8708286933869707,20000,19997,3,0.99985,1.244999999999996
3,3,20,20263942,dss_paired_corpus_v1-da405125bb04c005,directional_m1_group_global,4,rank_quintile_v1,1.8708286933869707,2.449489742783178,20000,19934,66,0.9967,2.8449999999999975
3,3,20,20263942,dss_paired_corpus_v1-da405125bb04c005,directional_m1_group_global,5,rank_quintile_v1,2.449489742783178,5.958187643906492,20000,19076,924,0.9538,6.699999999999995
3,3,20,20263942,dss_paired_corpus_v1-da405125bb04c005,pairwise_row_m1_early,1,rank_quintile_v1,0.0,1.224744871391589,20000,19998,2,0.9999,0.009999999999998899
3,3,20,20263942,dss_paired_corpus_v1-da405125bb04c005,pairwise_row_m1_early,2,rank_quintile_v1,1.224744871391589,1.5811388300841898,20000,19995,5,0.99975,0.045000000000006146
3,3,20,20263942,dss_paired_corpus_v1-da405125bb04c005,pairwise_row_m1_early,3,rank_quintile_v1,1.5811388300841898,1.8708286933869707,20000,19925,75,0.99625,0.8849999999999913
3,3,20,20263942,dss_paired_corpus_v1-da405125bb04c005,pairwise_row_m1_early,4,rank_quintile_v1,1.8708286933869707,2.449489742783178,20000,19783,217,0.98915,2.089999999999992
3,3,20,20263942,dss_paired_corpus_v1-da405125bb04c005,pairwise_row_m1_early,5,rank_quintile_v1,2.449489742783178,5.958187643906492,20000,18777,1223,0.93885,5.204999999999993
3,3,20,20263942,dss_paired_corpus_v1-da405125bb04c005,two_pairwise_m1_early,1,rank_quintile_v1,0.0,1.224744871391589,20000,19998,2,0.9999,0.009999999999998899
3,3,20,20263942,dss_paired_corpus_v1-da405125bb04c005,two_pairwise_m1_early,2,rank_quintile_v1,1.224744871391589,1.5811388300841898,20000,19991,9,0.99955,0.02500000000000835
3,3,20,20263942,dss_paired_corpus_v1-da405125bb04c005,two_pairwise_m1_early,3,rank_quintile_v1,1.5811388300841898,1.8708286933869707,20000,19893,107,0.99465,0.7249999999999979
3,3,20,20263942,dss_paired_corpus_v1-da405125bb04c005,two_pairwise_m1_early,4,rank_quintile_v1,1.8708286933869707,2.449489742783178,20000,19710,290,0.9855,1.7249999999999988
3,3,20,20263942,dss_paired_corpus_v1-da405125bb04c005,two_pairwise_m1_early,5,rank_quintile_v1,2.449489742783178,5.958187643906492,20000,18678,1322,0.9339,4.709999999999992
3,3,20,20263942,dss_paired_corpus_v1-da405125bb04c005,two_pairwise_m1_pair_global,1,rank_quintile_v1,0.0,1.224744871391589,20000,19999,1,0.99995,0.014999999999998348
3,3,20,20263942,dss_paired_corpus_v1-da405125bb04c005,two_pairwise_m1_pair_global,2,rank_quintile_v1,1.224744871391589,1.5811388300841898,20000,19998,2,0.9999,0.060000000000004494
3,3,20,20263942,dss_paired_corpus_v1-da405125bb04c005,two_pairwise_m1_pair_global,3,rank_quintile_v1,1.5811388300841898,1.8708286933869707,20000,19995,5,0.99975,1.2349999999999972
3,3,20,20263942,dss_paired_corpus_v1-da405125bb04c005,two_pairwise_m1_pair_global,4,rank_quintile_v1,1.8708286933869707,2.449489742783178,20000,19912,88,0.9956,2.7349999999999985
3,3,20,20263942,dss_paired_corpus_v1-da405125bb04c005,two_pairwise_m1_pair_global,5,rank_quintile_v1,2.449489742783178,5.958187643906492,20000,19012,988,0.9506,6.379999999999997
3,3,20,20263942,dss_paired_corpus_v1-da405125bb04c005,single_hop_m1_early,1,rank_quintile_v1,0.0,1.224744871391589,20000,19998,2,0.9999,0.009999999999998899
3,3,20,20263942,dss_paired_corpus_v1-da405125bb04c005,single_hop_m1_early,2,rank_quintile_v1,1.224744871391589,1.5811388300841898,20000,19995,5,0.99975,0.045000000000006146
3,3,20,20263942,dss_paired_corpus_v1-da405125bb04c005,single_hop_m1_early,3,rank_quintile_v1,1.5811388300841898,1.8708286933869707,20000,19944,56,0.9972,0.979999999999992
3,3,20,20263942,dss_paired_corpus_v1-da405125bb04c005,single_hop_m1_early,4,rank_quintile_v1,1.8708286933869707,2.449489742783178,20000,19826,174,0.9913,2.3049999999999904
3,3,20,20263942,dss_paired_corpus_v1-da405125bb04c005,single_hop_m1_early,5,rank_quintile_v1,2.449489742783178,5.958187643906492,20000,19072,928,0.9536,6.679999999999997
3,3,20,20263942,dss_paired_corpus_v1-da405125bb04c005,single_hop_m1_global,1,rank_quintile_v1,0.0,1.224744871391589,20000,19999,1,0.99995,0.014999999999998348
3,3,20,20263942,dss_paired_corpus_v1-da405125bb04c005,single_hop_m1_global,2,rank_quintile_v1,1.224744871391589,1.5811388300841898,20000,20000,0,1.0,0.07000000000000339
3,3,20,20263942,dss_paired_corpus_v1-da405125bb04c005,single_hop_m1_global,3,rank_quintile_v1,1.5811388300841898,1.8708286933869707,20000,20000,0,1.0,1.2599999999999945
3,3,20,20263942,dss_paired_corpus_v1-da405125bb04c005,single_hop_m1_global,4,rank_quintile_v1,1.8708286933869707,2.449489742783178,20000,19959,41,0.99795,2.969999999999995
3,3,20,20263942,dss_paired_corpus_v1-da405125bb04c005,single_hop_m1_global,5,rank_quintile_v1,2.449489742783178,5.958187643906492,20000,19415,585,0.97075,8.394999999999996
3,3,24,20263946,dss_paired_corpus_v1-2e85e9eef79c4cc3,local_no_sharing,1,rank_quintile_v1,0.0,1.224744871391589,20000,19869,131,0.99345,0.0
3,3,24,20263946,dss_paired_corpus_v1-2e85e9eef79c4cc3,local_no_sharing,2,rank_quintile_v1,1.224744871391589,1.7320508075688772,20000,19416,584,0.9708,0.0
3,3,24,20263946,dss_paired_corpus_v1-2e85e9eef79c4cc3,local_no_sharing,3,rank_quintile_v1,1.7320508075688772,2.1213203435596424,20000,18470,1530,0.9235,0.0
3,3,24,20263946,dss_paired_corpus_v1-2e85e9eef79c4cc3,local_no_sharing,4,rank_quintile_v1,2.1213203435596424,2.5495097567963922,20000,17547,2453,0.87735,0.0
3,3,24,20263946,dss_paired_corpus_v1-2e85e9eef79c4cc3,local_no_sharing,5,rank_quintile_v1,2.5495097567963922,6.442049363362563,20000,15559,4441,0.77795,0.0
3,3,24,20263946,dss_paired_corpus_v1-2e85e9eef79c4cc3,directional_m1_early,1,rank_quintile_v1,0.0,1.224744871391589,20000,19975,25,0.99875,0.5299999999999971
3,3,24,20263946,dss_paired_corpus_v1-2e85e9eef79c4cc3,directional_m1_early,2,rank_quintile_v1,1.224744871391589,1.7320508075688772,20000,19884,116,0.9942,2.3399999999999976
3,3,24,20263946,dss_paired_corpus_v1-2e85e9eef79c4cc3,directional_m1_early,3,rank_quintile_v1,1.7320508075688772,2.1213203435596424,20000,19538,462,0.9769,5.34
3,3,24,20263946,dss_paired_corpus_v1-2e85e9eef79c4cc3,directional_m1_early,4,rank_quintile_v1,2.1213203435596424,2.5495097567963922,20000,18902,1098,0.9451,6.775000000000009
3,3,24,20263946,dss_paired_corpus_v1-2e85e9eef79c4cc3,directional_m1_early,5,rank_quintile_v1,2.5495097567963922,6.442049363362563,20000,16953,3047,0.84765,6.969999999999999
3,3,24,20263946,dss_paired_corpus_v1-2e85e9eef79c4cc3,directional_m1_group_greedy,1,rank_quintile_v1,0.0,1.224744871391589,20000,19999,1,0.99995,0.649999999999995
3,3,24,20263946,dss_paired_corpus_v1-2e85e9eef79c4cc3,directional_m1_group_greedy,2,rank_quintile_v1,1.224744871391589,1.7320508075688772,20000,19991,9,0.99955,2.8750000000000053
3,3,24,20263946,dss_paired_corpus_v1-2e85e9eef79c4cc3,directional_m1_group_greedy,3,rank_quintile_v1,1.7320508075688772,2.1213203435596424,20000,19760,240,0.988,6.45
3,3,24,20263946,dss_paired_corpus_v1-2e85e9eef79c4cc3,directional_m1_group_greedy,4,rank_quintile_v1,2.1213203435596424,2.5495097567963922,20000,19239,761,0.96195,8.46
3,3,24,20263946,dss_paired_corpus_v1-2e85e9eef79c4cc3,directional_m1_group_greedy,5,rank_quintile_v1,2.5495097567963922,6.442049363362563,20000,17397,2603,0.86985,9.189999999999998
3,3,24,20263946,dss_paired_corpus_v1-2e85e9eef79c4cc3,directional_m1_group_global,1,rank_quintile_v1,0.0,1.224744871391589,20000,19998,2,0.9999,0.6449999999999956
3,3,24,20263946,dss_paired_corpus_v1-2e85e9eef79c4cc3,directional_m1_group_global,2,rank_quintile_v1,1.224744871391589,1.7320508075688772,20000,19961,39,0.99805,2.7249999999999996
3,3,24,20263946,dss_paired_corpus_v1-2e85e9eef79c4cc3,directional_m1_group_global,3,rank_quintile_v1,1.7320508075688772,2.1213203435596424,20000,19703,297,0.98515,6.164999999999998
3,3,24,20263946,dss_paired_corpus_v1-2e85e9eef79c4cc3,directional_m1_group_global,4,rank_quintile_v1,2.1213203435596424,2.5495097567963922,20000,19116,884,0.9558,7.845000000000002
3,3,24,20263946,dss_paired_corpus_v1-2e85e9eef79c4cc3,directional_m1_group_global,5,rank_quintile_v1,2.5495097567963922,6.442049363362563,20000,17146,2854,0.8573,7.934999999999992
3,3,24,20263946,dss_paired_corpus_v1-2e85e9eef79c4cc3,pairwise_row_m1_early,1,rank_quintile_v1,0.0,1.224744871391589,20000,19936,64,0.9968,0.3349999999999964
3,3,24,20263946,dss_paired_corpus_v1-2e85e9eef79c4cc3,pairwise_row_m1_early,2,rank_quintile_v1,1.224744871391589,1.7320508075688772,20000,19707,293,0.98535,1.4549999999999952
3,3,24,20263946,dss_paired_corpus_v1-2e85e9eef79c4cc3,pairwise_row_m1_early,3,rank_quintile_v1,1.7320508075688772,2.1213203435596424,20000,19205,795,0.96025,3.675000000000006
3,3,24,20263946,dss_paired_corpus_v1-2e85e9eef79c4cc3,pairwise_row_m1_early,4,rank_quintile_v1,2.1213203435596424,2.5495097567963922,20000,18533,1467,0.92665,4.9300000000000015
3,3,24,20263946,dss_paired_corpus_v1-2e85e9eef79c4cc3,pairwise_row_m1_early,5,rank_quintile_v1,2.5495097567963922,6.442049363362563,20000,16671,3329,0.83355,5.559999999999999
3,3,24,20263946,dss_paired_corpus_v1-2e85e9eef79c4cc3,two_pairwise_m1_early,1,rank_quintile_v1,0.0,1.224744871391589,20000,19930,70,0.9965,0.3049999999999997
3,3,24,20263946,dss_paired_corpus_v1-2e85e9eef79c4cc3,two_pairwise_m1_early,2,rank_quintile_v1,1.224744871391589,1.7320508075688772,20000,19668,332,0.9834,1.2600000000000056
3,3,24,20263946,dss_paired_corpus_v1-2e85e9eef79c4cc3,two_pairwise_m1_early,3,rank_quintile_v1,1.7320508075688772,2.1213203435596424,20000,19060,940,0.953,2.949999999999997
3,3,24,20263946,dss_paired_corpus_v1-2e85e9eef79c4cc3,two_pairwise_m1_early,4,rank_quintile_v1,2.1213203435596424,2.5495097567963922,20000,18344,1656,0.9172,3.985000000000005
3,3,24,20263946,dss_paired_corpus_v1-2e85e9eef79c4cc3,two_pairwise_m1_early,5,rank_quintile_v1,2.5495097567963922,6.442049363362563,20000,16512,3488,0.8256,4.764999999999997
3,3,24,20263946,dss_paired_corpus_v1-2e85e9eef79c4cc3,two_pairwise_m1_pair_global,1,rank_quintile_v1,0.0,1.224744871391589,20000,19982,18,0.9991,0.5649999999999933
3,3,24,20263946,dss_paired_corpus_v1-2e85e9eef79c4cc3,two_pairwise_m1_pair_global,2,rank_quintile_v1,1.224744871391589,1.7320508075688772,20000,19872,128,0.9936,2.2800000000000042
3,3,24,20263946,dss_paired_corpus_v1-2e85e9eef79c4cc3,two_pairwise_m1_pair_global,3,rank_quintile_v1,1.7320508075688772,2.1213203435596424,20000,19531,469,0.97655,5.305000000000004
3,3,24,20263946,dss_paired_corpus_v1-2e85e9eef79c4cc3,two_pairwise_m1_pair_global,4,rank_quintile_v1,2.1213203435596424,2.5495097567963922,20000,18872,1128,0.9436,6.6250000000000036
3,3,24,20263946,dss_paired_corpus_v1-2e85e9eef79c4cc3,two_pairwise_m1_pair_global,5,rank_quintile_v1,2.5495097567963922,6.442049363362563,20000,16967,3033,0.84835,7.040000000000002
3,3,24,20263946,dss_paired_corpus_v1-2e85e9eef79c4cc3,single_hop_m1_early,1,rank_quintile_v1,0.0,1.224744871391589,20000,19951,49,0.99755,0.40999999999999925
3,3,24,20263946,dss_paired_corpus_v1-2e85e9eef79c4cc3,single_hop_m1_early,2,rank_quintile_v1,1.224744871391589,1.7320508075688772,20000,19773,227,0.98865,1.7850000000000033
3,3,24,20263946,dss_paired_corpus_v1-2e85e9eef79c4cc3,single_hop_m1_early,3,rank_quintile_v1,1.7320508075688772,2.1213203435596424,20000,19338,662,0.9669,4.34
3,3,24,20263946,dss_paired_corpus_v1-2e85e9eef79c4cc3,single_hop_m1_early,4,rank_quintile_v1,2.1213203435596424,2.5495097567963922,20000,18739,1261,0.93695,5.959999999999999
3,3,24,20263946,dss_paired_corpus_v1-2e85e9eef79c4cc3,single_hop_m1_early,5,rank_quintile_v1,2.5495097567963922,6.442049363362563,20000,17095,2905,0.85475,7.679999999999998
3,3,24,20263946,dss_paired_corpus_v1-2e85e9eef79c4cc3,single_hop_m1_global,1,rank_quintile_v1,0.0,1.224744871391589,20000,19994,6,0.9997,0.6249999999999978
3,3,24,20263946,dss_paired_corpus_v1-2e85e9eef79c4cc3,single_hop_m1_global,2,rank_quintile_v1,1.224744871391589,1.7320508075688772,20000,19971,29,0.99855,2.7750000000000052
3,3,24,20263946,dss_paired_corpus_v1-2e85e9eef79c4cc3,single_hop_m1_global,3,rank_quintile_v1,1.7320508075688772,2.1213203435596424,20000,19814,186,0.9907,6.720000000000004
3,3,24,20263946,dss_paired_corpus_v1-2e85e9eef79c4cc3,single_hop_m1_global,4,rank_quintile_v1,2.1213203435596424,2.5495097567963922,20000,19426,574,0.9713,9.395000000000008
3,3,24,20263946,dss_paired_corpus_v1-2e85e9eef79c4cc3,single_hop_m1_global,5,rank_quintile_v1,2.5495097567963922,6.442049363362563,20000,17835,2165,0.89175,11.38
3,3,28,20263950,dss_paired_corpus_v1-5e791d5c2aca5d11,local_no_sharing,1,rank_quintile_v1,0.0,1.224744871391589,20000,18760,1240,0.938,0.0
3,3,28,20263950,dss_paired_corpus_v1-5e791d5c2aca5d11,local_no_sharing,2,rank_quintile_v1,1.224744871391589,1.8708286933869707,20000,17347,2653,0.86735,0.0
3,3,28,20263950,dss_paired_corpus_v1-5e791d5c2aca5d11,local_no_sharing,3,rank_quintile_v1,1.8708286933869707,2.23606797749979,20000,16112,3888,0.8056,0.0
3,3,28,20263950,dss_paired_corpus_v1-5e791d5c2aca5d11,local_no_sharing,4,rank_quintile_v1,2.23606797749979,2.9154759474226504,20000,15110,4890,0.7555,0.0
3,3,28,20263950,dss_paired_corpus_v1-5e791d5c2aca5d11,local_no_sharing,5,rank_quintile_v1,2.9154759474226504,6.96419413859206,20000,13270,6730,0.6635,0.0
3,3,28,20263950,dss_paired_corpus_v1-5e791d5c2aca5d11,directional_m1_early,1,rank_quintile_v1,0.0,1.224744871391589,20000,19452,548,0.9726,3.4600000000000075
3,3,28,20263950,dss_paired_corpus_v1-5e791d5c2aca5d11,directional_m1_early,2,rank_quintile_v1,1.224744871391589,1.8708286933869707,20000,18707,1293,0.93535,6.800000000000006
3,3,28,20263950,dss_paired_corpus_v1-5e791d5c2aca5d11,directional_m1_early,3,rank_quintile_v1,1.8708286933869707,2.23606797749979,20000,17688,2312,0.8844,7.879999999999998
3,3,28,20263950,dss_paired_corpus_v1-5e791d5c2aca5d11,directional_m1_early,4,rank_quintile_v1,2.23606797749979,2.9154759474226504,20000,16426,3574,0.8213,6.580000000000008
3,3,28,20263950,dss_paired_corpus_v1-5e791d5c2aca5d11,directional_m1_early,5,rank_quintile_v1,2.9154759474226504,6.96419413859206,20000,14418,5582,0.7209,5.74
3,3,28,20263950,dss_paired_corpus_v1-5e791d5c2aca5d11,directional_m1_group_greedy,1,rank_quintile_v1,0.0,1.224744871391589,20000,19862,138,0.9931,5.510000000000003
3,3,28,20263950,dss_paired_corpus_v1-5e791d5c2aca5d11,directional_m1_group_greedy,2,rank_quintile_v1,1.224744871391589,1.8708286933869707,20000,19351,649,0.96755,10.020000000000007
3,3,28,20263950,dss_paired_corpus_v1-5e791d5c2aca5d11,directional_m1_group_greedy,3,rank_quintile_v1,1.8708286933869707,2.23606797749979,20000,18554,1446,0.9277,12.209999999999999
3,3,28,20263950,dss_paired_corpus_v1-5e791d5c2aca5d11,directional_m1_group_greedy,4,rank_quintile_v1,2.23606797749979,2.9154759474226504,20000,17244,2756,0.8622,10.670000000000002
3,3,28,20263950,dss_paired_corpus_v1-5e791d5c2aca5d11,directional_m1_group_greedy,5,rank_quintile_v1,2.9154759474226504,6.96419413859206,20000,15101,4899,0.75505,9.155000000000001
3,3,28,20263950,dss_paired_corpus_v1-5e791d5c2aca5d11,directional_m1_group_global,1,rank_quintile_v1,0.0,1.224744871391589,20000,19642,358,0.9821,4.410000000000003
3,3,28,20263950,dss_paired_corpus_v1-5e791d5c2aca5d11,directional_m1_group_global,2,rank_quintile_v1,1.224744871391589,1.8708286933869707,20000,18970,1030,0.9485,8.115000000000006
3,3,28,20263950,dss_paired_corpus_v1-5e791d5c2aca5d11,directional_m1_group_global,3,rank_quintile_v1,1.8708286933869707,2.23606797749979,20000,18038,1962,0.9019,9.630000000000006
3,3,28,20263950,dss_paired_corpus_v1-5e791d5c2aca5d11,directional_m1_group_global,4,rank_quintile_v1,2.23606797749979,2.9154759474226504,20000,16705,3295,0.83525,7.97500000000001
3,3,28,20263950,dss_paired_corpus_v1-5e791d5c2aca5d11,directional_m1_group_global,5,rank_quintile_v1,2.9154759474226504,6.96419413859206,20000,14586,5414,0.7293,6.5799999999999965
3,3,28,20263950,dss_paired_corpus_v1-5e791d5c2aca5d11,pairwise_row_m1_early,1,rank_quintile_v1,0.0,1.224744871391589,20000,19099,901,0.95495,1.695000000000002
3,3,28,20263950,dss_paired_corpus_v1-5e791d5c2aca5d11,pairwise_row_m1_early,2,rank_quintile_v1,1.224744871391589,1.8708286933869707,20000,18106,1894,0.9053,3.795000000000004
3,3,28,20263950,dss_paired_corpus_v1-5e791d5c2aca5d11,pairwise_row_m1_early,3,rank_quintile_v1,1.8708286933869707,2.23606797749979,20000,17090,2910,0.8545,4.890000000000006
3,3,28,20263950,dss_paired_corpus_v1-5e791d5c2aca5d11,pairwise_row_m1_early,4,rank_quintile_v1,2.23606797749979,2.9154759474226504,20000,16066,3934,0.8033,4.7800000000000065
3,3,28,20263950,dss_paired_corpus_v1-5e791d5c2aca5d11,pairwise_row_m1_early,5,rank_quintile_v1,2.9154759474226504,6.96419413859206,20000,14147,5853,0.70735,4.385000000000005
3,3,28,20263950,dss_paired_corpus_v1-5e791d5c2aca5d11,two_pairwise_m1_early,1,rank_quintile_v1,0.0,1.224744871391589,20000,19069,931,0.95345,1.5450000000000075
3,3,28,20263950,dss_paired_corpus_v1-5e791d5c2aca5d11,two_pairwise_m1_early,2,rank_quintile_v1,1.224744871391589,1.8708286933869707,20000,17965,2035,0.89825,3.090000000000004
3,3,28,20263950,dss_paired_corpus_v1-5e791d5c2aca5d11,two_pairwise_m1_early,3,rank_quintile_v1,1.8708286933869707,2.23606797749979,20000,16902,3098,0.8451,3.949999999999998
3,3,28,20263950,dss_paired_corpus_v1-5e791d5c2aca5d11,two_pairwise_m1_early,4,rank_quintile_v1,2.23606797749979,2.9154759474226504,20000,15870,4130,0.7935,3.8000000000000034
3,3,28,20263950,dss_paired_corpus_v1-5e791d5c2aca5d11,two_pairwise_m1_early,5,rank_quintile_v1,2.9154759474226504,6.96419413859206,20000,14024,5976,0.7012,3.7700000000000067
3,3,28,20263950,dss_paired_corpus_v1-5e791d5c2aca5d11,two_pairwise_m1_pair_global,1,rank_quintile_v1,0.0,1.224744871391589,20000,19367,633,0.96835,3.03500000000001
3,3,28,20263950,dss_paired_corpus_v1-5e791d5c2aca5d11,two_pairwise_m1_pair_global,2,rank_quintile_v1,1.224744871391589,1.8708286933869707,20000,18572,1428,0.9286,6.125000000000003
3,3,28,20263950,dss_paired_corpus_v1-5e791d5c2aca5d11,two_pairwise_m1_pair_global,3,rank_quintile_v1,1.8708286933869707,2.23606797749979,20000,17657,2343,0.88285,7.725000000000004
3,3,28,20263950,dss_paired_corpus_v1-5e791d5c2aca5d11,two_pairwise_m1_pair_global,4,rank_quintile_v1,2.23606797749979,2.9154759474226504,20000,16441,3559,0.82205,6.654999999999999
3,3,28,20263950,dss_paired_corpus_v1-5e791d5c2aca5d11,two_pairwise_m1_pair_global,5,rank_quintile_v1,2.9154759474226504,6.96419413859206,20000,14419,5581,0.72095,5.745
3,3,28,20263950,dss_paired_corpus_v1-5e791d5c2aca5d11,single_hop_m1_early,1,rank_quintile_v1,0.0,1.224744871391589,20000,19226,774,0.9613,2.33000000000001
3,3,28,20263950,dss_paired_corpus_v1-5e791d5c2aca5d11,single_hop_m1_early,2,rank_quintile_v1,1.224744871391589,1.8708286933869707,20000,18283,1717,0.91415,4.680000000000007
3,3,28,20263950,dss_paired_corpus_v1-5e791d5c2aca5d11,single_hop_m1_early,3,rank_quintile_v1,1.8708286933869707,2.23606797749979,20000,17296,2704,0.8648,5.9200000000000035
3,3,28,20263950,dss_paired_corpus_v1-5e791d5c2aca5d11,single_hop_m1_early,4,rank_quintile_v1,2.23606797749979,2.9154759474226504,20000,16308,3692,0.8154,5.990000000000006
3,3,28,20263950,dss_paired_corpus_v1-5e791d5c2aca5d11,single_hop_m1_early,5,rank_quintile_v1,2.9154759474226504,6.96419413859206,20000,14580,5420,0.729,6.550000000000001
3,3,28,20263950,dss_paired_corpus_v1-5e791d5c2aca5d11,single_hop_m1_global,1,rank_quintile_v1,0.0,1.224744871391589,20000,19688,312,0.9844,4.640000000000011
3,3,28,20263950,dss_paired_corpus_v1-5e791d5c2aca5d11,single_hop_m1_global,2,rank_quintile_v1,1.224744871391589,1.8708286933869707,20000,19249,751,0.96245,9.510000000000007
3,3,28,20263950,dss_paired_corpus_v1-5e791d5c2aca5d11,single_hop_m1_global,3,rank_quintile_v1,1.8708286933869707,2.23606797749979,20000,18581,1419,0.92905,12.345000000000006
3,3,28,20263950,dss_paired_corpus_v1-5e791d5c2aca5d11,single_hop_m1_global,4,rank_quintile_v1,2.23606797749979,2.9154759474226504,20000,17496,2504,0.8748,11.930000000000007
3,3,28,20263950,dss_paired_corpus_v1-5e791d5c2aca5d11,single_hop_m1_global,5,rank_quintile_v1,2.9154759474226504,6.96419413859206,20000,15317,4683,0.76585,10.235000000000005
3,3,32,20263954,dss_paired_corpus_v1-c20a95460187be9b,local_no_sharing,1,rank_quintile_v1,0.0,1.4142135623730951,20000,15951,4049,0.79755,0.0
3,3,32,20263954,dss_paired_corpus_v1-c20a95460187be9b,local_no_sharing,2,rank_quintile_v1,1.4142135623730951,1.8708286933869707,20000,14299,5701,0.71495,0.0
3,3,32,20263954,dss_paired_corpus_v1-c20a95460187be9b,local_no_sharing,3,rank_quintile_v1,1.8708286933869707,2.449489742783178,20000,13418,6582,0.6709,0.0
3,3,32,20263954,dss_paired_corpus_v1-c20a95460187be9b,local_no_sharing,4,rank_quintile_v1,2.449489742783178,3.082207001484488,20000,12618,7382,0.6309,0.0
3,3,32,20263954,dss_paired_corpus_v1-c20a95460187be9b,local_no_sharing,5,rank_quintile_v1,3.082207001484488,7.582875444051551,20000,10979,9021,0.54895,0.0
3,3,32,20263954,dss_paired_corpus_v1-c20a95460187be9b,directional_m1_early,1,rank_quintile_v1,0.0,1.4142135623730951,20000,16970,3030,0.8485,5.095000000000005
3,3,32,20263954,dss_paired_corpus_v1-c20a95460187be9b,directional_m1_early,2,rank_quintile_v1,1.4142135623730951,1.8708286933869707,20000,15569,4431,0.77845,6.35
3,3,32,20263954,dss_paired_corpus_v1-c20a95460187be9b,directional_m1_early,3,rank_quintile_v1,1.8708286933869707,2.449489742783178,20000,14626,5374,0.7313,6.03999999999999
3,3,32,20263954,dss_paired_corpus_v1-c20a95460187be9b,directional_m1_early,4,rank_quintile_v1,2.449489742783178,3.082207001484488,20000,13661,6339,0.68305,5.215000000000003
3,3,32,20263954,dss_paired_corpus_v1-c20a95460187be9b,directional_m1_early,5,rank_quintile_v1,3.082207001484488,7.582875444051551,20000,12133,7867,0.60665,5.769999999999998
3,3,32,20263954,dss_paired_corpus_v1-c20a95460187be9b,directional_m1_group_greedy,1,rank_quintile_v1,0.0,1.4142135623730951,20000,18831,1169,0.94155,14.400000000000002
3,3,32,20263954,dss_paired_corpus_v1-c20a95460187be9b,directional_m1_group_greedy,2,rank_quintile_v1,1.4142135623730951,1.8708286933869707,20000,17104,2896,0.8552,14.024999999999999
3,3,32,20263954,dss_paired_corpus_v1-c20a95460187be9b,directional_m1_group_greedy,3,rank_quintile_v1,1.8708286933869707,2.449489742783178,20000,15986,4014,0.7993,12.839999999999996
3,3,32,20263954,dss_paired_corpus_v1-c20a95460187be9b,directional_m1_group_greedy,4,rank_quintile_v1,2.449489742783178,3.082207001484488,20000,14782,5218,0.7391,10.819999999999997
3,3,32,20263954,dss_paired_corpus_v1-c20a95460187be9b,directional_m1_group_greedy,5,rank_quintile_v1,3.082207001484488,7.582875444051551,20000,13020,6980,0.651,10.204999999999998
3,3,32,20263954,dss_paired_corpus_v1-c20a95460187be9b,directional_m1_group_global,1,rank_quintile_v1,0.0,1.4142135623730951,20000,17270,2730,0.8635,6.595000000000006
3,3,32,20263954,dss_paired_corpus_v1-c20a95460187be9b,directional_m1_group_global,2,rank_quintile_v1,1.4142135623730951,1.8708286933869707,20000,15882,4118,0.7941,7.915000000000005
3,3,32,20263954,dss_paired_corpus_v1-c20a95460187be9b,directional_m1_group_global,3,rank_quintile_v1,1.8708286933869707,2.449489742783178,20000,14874,5126,0.7437,7.279999999999998
3,3,32,20263954,dss_paired_corpus_v1-c20a95460187be9b,directional_m1_group_global,4,rank_quintile_v1,2.449489742783178,3.082207001484488,20000,13856,6144,0.6928,6.189999999999996
3,3,32,20263954,dss_paired_corpus_v1-c20a95460187be9b,directional_m1_group_global,5,rank_quintile_v1,3.082207001484488,7.582875444051551,20000,12325,7675,0.61625,6.7299999999999915
3,3,32,20263954,dss_paired_corpus_v1-c20a95460187be9b,pairwise_row_m1_early,1,rank_quintile_v1,0.0,1.4142135623730951,20000,16530,3470,0.8265,2.895000000000003
3,3,32,20263954,dss_paired_corpus_v1-c20a95460187be9b,pairwise_row_m1_early,2,rank_quintile_v1,1.4142135623730951,1.8708286933869707,20000,15043,4957,0.75215,3.720000000000001
3,3,32,20263954,dss_paired_corpus_v1-c20a95460187be9b,pairwise_row_m1_early,3,rank_quintile_v1,1.8708286933869707,2.449489742783178,20000,14221,5779,0.71105,4.014999999999991
3,3,32,20263954,dss_paired_corpus_v1-c20a95460187be9b,pairwise_row_m1_early,4,rank_quintile_v1,2.449489742783178,3.082207001484488,20000,13331,6669,0.66655,3.564999999999996
3,3,32,20263954,dss_paired_corpus_v1-c20a95460187be9b,pairwise_row_m1_early,5,rank_quintile_v1,3.082207001484488,7.582875444051551,20000,11806,8194,0.5903,4.135
3,3,32,20263954,dss_paired_corpus_v1-c20a95460187be9b,two_pairwise_m1_early,1,rank_quintile_v1,0.0,1.4142135623730951,20000,16359,3641,0.81795,2.0399999999999974
3,3,32,20263954,dss_paired_corpus_v1-c20a95460187be9b,two_pairwise_m1_early,2,rank_quintile_v1,1.4142135623730951,1.8708286933869707,20000,14900,5100,0.745,3.005000000000002
3,3,32,20263954,dss_paired_corpus_v1-c20a95460187be9b,two_pairwise_m1_early,3,rank_quintile_v1,1.8708286933869707,2.449489742783178,20000,14006,5994,0.7003,2.939999999999998
3,3,32,20263954,dss_paired_corpus_v1-c20a95460187be9b,two_pairwise_m1_early,4,rank_quintile_v1,2.449489742783178,3.082207001484488,20000,13195,6805,0.65975,2.884999999999993
3,3,32,20263954,dss_paired_corpus_v1-c20a95460187be9b,two_pairwise_m1_early,5,rank_quintile_v1,3.082207001484488,7.582875444051551,20000,11690,8310,0.5845,3.554999999999997
3,3,32,20263954,dss_paired_corpus_v1-c20a95460187be9b,two_pairwise_m1_pair_global,1,rank_quintile_v1,0.0,1.4142135623730951,20000,16741,3259,0.83705,3.949999999999998
3,3,32,20263954,dss_paired_corpus_v1-c20a95460187be9b,two_pairwise_m1_pair_global,2,rank_quintile_v1,1.4142135623730951,1.8708286933869707,20000,15420,4580,0.771,5.605000000000004
3,3,32,20263954,dss_paired_corpus_v1-c20a95460187be9b,two_pairwise_m1_pair_global,3,rank_quintile_v1,1.8708286933869707,2.449489742783178,20000,14499,5501,0.72495,5.404999999999993
3,3,32,20263954,dss_paired_corpus_v1-c20a95460187be9b,two_pairwise_m1_pair_global,4,rank_quintile_v1,2.449489742783178,3.082207001484488,20000,13663,6337,0.68315,5.225000000000001
3,3,32,20263954,dss_paired_corpus_v1-c20a95460187be9b,two_pairwise_m1_pair_global,5,rank_quintile_v1,3.082207001484488,7.582875444051551,20000,12126,7874,0.6063,5.7349999999999905
3,3,32,20263954,dss_paired_corpus_v1-c20a95460187be9b,single_hop_m1_early,1,rank_quintile_v1,0.0,1.4142135623730951,20000,16593,3407,0.82965,3.2100000000000017
3,3,32,20263954,dss_paired_corpus_v1-c20a95460187be9b,single_hop_m1_early,2,rank_quintile_v1,1.4142135623730951,1.8708286933869707,20000,15150,4850,0.7575,4.254999999999997
3,3,32,20263954,dss_paired_corpus_v1-c20a95460187be9b,single_hop_m1_early,3,rank_quintile_v1,1.8708286933869707,2.449489742783178,20000,14356,5644,0.7178,4.689999999999994
3,3,32,20263954,dss_paired_corpus_v1-c20a95460187be9b,single_hop_m1_early,4,rank_quintile_v1,2.449489742783178,3.082207001484488,20000,13493,6507,0.67465,4.374999999999996
3,3,32,20263954,dss_paired_corpus_v1-c20a95460187be9b,single_hop_m1_early,5,rank_quintile_v1,3.082207001484488,7.582875444051551,20000,12115,7885,0.60575,5.679999999999996
3,3,32,20263954,dss_paired_corpus_v1-c20a95460187be9b,single_hop_m1_global,1,rank_quintile_v1,0.0,1.4142135623730951,20000,17499,2501,0.87495,7.740000000000002
3,3,32,20263954,dss_paired_corpus_v1-c20a95460187be9b,single_hop_m1_global,2,rank_quintile_v1,1.4142135623730951,1.8708286933869707,20000,16468,3532,0.8234,10.845000000000004
3,3,32,20263954,dss_paired_corpus_v1-c20a95460187be9b,single_hop_m1_global,3,rank_quintile_v1,1.8708286933869707,2.449489742783178,20000,15586,4414,0.7793,10.839999999999995
3,3,32,20263954,dss_paired_corpus_v1-c20a95460187be9b,single_hop_m1_global,4,rank_quintile_v1,2.449489742783178,3.082207001484488,20000,14624,5376,0.7312,10.029999999999994
3,3,32,20263954,dss_paired_corpus_v1-c20a95460187be9b,single_hop_m1_global,5,rank_quintile_v1,3.082207001484488,7.582875444051551,20000,12967,7033,0.64835,9.939999999999994
