RS,CS,F_GROUP,seed,comparison,left_policy,right_policy,groups,left_pass_right_pass,left_pass_right_fail,left_fail_right_pass,left_fail_right_fail,left_fail_right_pass_rate,greedy_fail_global_pass_count,early_fail_global_pass_count,two_pairwise_fail_single_hop_pass_count
3,3,8,20263930,directional_early_vs_greedy,directional_m1_early,directional_m1_group_greedy,100000,100000,0,0,0,0.0,NA,NA,NA
3,3,8,20263930,directional_early_vs_global,directional_m1_early,directional_m1_group_global,100000,100000,0,0,0,0.0,NA,0,NA
3,3,8,20263930,greedy_vs_global,directional_m1_group_greedy,directional_m1_group_global,100000,100000,0,0,0,0.0,0,NA,NA
3,3,8,20263930,two_pairwise_early_vs_pair_global,two_pairwise_m1_early,two_pairwise_m1_pair_global,100000,100000,0,0,0,0.0,NA,NA,NA
3,3,8,20263930,single_hop_early_vs_global,single_hop_m1_early,single_hop_m1_global,100000,100000,0,0,0,0.0,NA,NA,NA
3,3,8,20263930,two_pairwise_pair_global_vs_single_hop_global,two_pairwise_m1_pair_global,single_hop_m1_global,100000,100000,0,0,0,0.0,NA,NA,0
3,3,12,20263934,directional_early_vs_greedy,directional_m1_early,directional_m1_group_greedy,100000,99998,0,0,2,0.0,NA,NA,NA
3,3,12,20263934,directional_early_vs_global,directional_m1_early,directional_m1_group_global,100000,99998,0,0,2,0.0,NA,0,NA
3,3,12,20263934,greedy_vs_global,directional_m1_group_greedy,directional_m1_group_global,100000,99998,0,0,2,0.0,0,NA,NA
3,3,12,20263934,two_pairwise_early_vs_pair_global,two_pairwise_m1_early,two_pairwise_m1_pair_global,100000,99994,0,3,3,3e-05,NA,NA,NA
3,3,12,20263934,single_hop_early_vs_global,single_hop_m1_early,single_hop_m1_global,100000,99997,0,1,2,1e-05,NA,NA,NA
3,3,12,20263934,two_pairwise_pair_global_vs_single_hop_global,two_pairwise_m1_pair_global,single_hop_m1_global,100000,99997,0,1,2,1e-05,NA,NA,1
3,3,16,20263938,directional_early_vs_greedy,directional_m1_early,directional_m1_group_greedy,100000,99865,0,18,117,0.00018,NA,NA,NA
3,3,16,20263938,directional_early_vs_global,directional_m1_early,directional_m1_group_global,100000,99865,0,17,118,0.00017,NA,17,NA
3,3,16,20263938,greedy_vs_global,directional_m1_group_greedy,directional_m1_group_global,100000,99882,1,0,117,0.0,0,NA,NA
3,3,16,20263938,two_pairwise_early_vs_pair_global,two_pairwise_m1_early,two_pairwise_m1_pair_global,100000,99782,0,99,119,0.00099,NA,NA,NA
3,3,16,20263938,single_hop_early_vs_global,single_hop_m1_early,single_hop_m1_global,100000,99859,0,67,74,0.00067,NA,NA,NA
3,3,16,20263938,two_pairwise_pair_global_vs_single_hop_global,two_pairwise_m1_pair_global,single_hop_m1_global,100000,99881,0,45,74,0.00045,NA,NA,45
3,3,20,20263942,directional_early_vs_greedy,directional_m1_early,directional_m1_group_greedy,100000,98813,0,236,951,0.00236,NA,NA,NA
3,3,20,20263942,directional_early_vs_global,directional_m1_early,directional_m1_group_global,100000,98813,0,194,993,0.00194,NA,194,NA
3,3,20,20263942,greedy_vs_global,directional_m1_group_greedy,directional_m1_group_global,100000,99005,44,2,949,2e-05,2,NA,NA
3,3,20,20263942,two_pairwise_early_vs_pair_global,two_pairwise_m1_early,two_pairwise_m1_pair_global,100000,98270,0,646,1084,0.00646,NA,NA,NA
3,3,20,20263942,single_hop_early_vs_global,single_hop_m1_early,single_hop_m1_global,100000,98835,0,538,627,0.00538,NA,NA,NA
3,3,20,20263942,two_pairwise_pair_global_vs_single_hop_global,two_pairwise_m1_pair_global,single_hop_m1_global,100000,98916,0,457,627,0.00457,NA,NA,457
3,3,24,20263946,directional_early_vs_greedy,directional_m1_early,directional_m1_group_greedy,100000,95249,3,1137,3611,0.01137,NA,NA,NA
3,3,24,20263946,directional_early_vs_global,directional_m1_early,directional_m1_group_global,100000,95252,0,672,4076,0.00672,NA,672,NA
3,3,24,20263946,greedy_vs_global,directional_m1_group_greedy,directional_m1_group_global,100000,95889,497,35,3579,0.00035,35,NA,NA
3,3,24,20263946,two_pairwise_early_vs_pair_global,two_pairwise_m1_early,two_pairwise_m1_pair_global,100000,93514,0,1710,4776,0.0171,NA,NA,NA
3,3,24,20263946,single_hop_early_vs_global,single_hop_m1_early,single_hop_m1_global,100000,94896,0,2144,2960,0.02144,NA,NA,NA
3,3,24,20263946,two_pairwise_pair_global_vs_single_hop_global,two_pairwise_m1_pair_global,single_hop_m1_global,100000,95224,0,1816,2960,0.01816,NA,NA,1816
3,3,28,20263950,directional_early_vs_greedy,directional_m1_early,directional_m1_group_greedy,100000,86690,1,3422,9887,0.03422,NA,NA,NA
3,3,28,20263950,directional_early_vs_global,directional_m1_early,directional_m1_group_global,100000,86691,0,1250,12059,0.0125,NA,1250,NA
3,3,28,20263950,greedy_vs_global,directional_m1_group_greedy,directional_m1_group_global,100000,87848,2264,93,9795,0.00093,93,NA,NA
3,3,28,20263950,two_pairwise_early_vs_pair_global,two_pairwise_m1_early,two_pairwise_m1_pair_global,100000,83830,0,2626,13544,0.02626,NA,NA,NA
3,3,28,20263950,single_hop_early_vs_global,single_hop_m1_early,single_hop_m1_global,100000,85693,0,4638,9669,0.04638,NA,NA,NA
3,3,28,20263950,two_pairwise_pair_global_vs_single_hop_global,two_pairwise_m1_pair_global,single_hop_m1_global,100000,86456,0,3875,9669,0.03875,NA,NA,3875
3,3,32,20263954,directional_early_vs_greedy,directional_m1_early,directional_m1_group_greedy,100000,72955,4,6768,20273,0.06768,NA,NA,NA
3,3,32,20263954,directional_early_vs_global,directional_m1_early,directional_m1_group_global,100000,72959,0,1248,25793,0.01248,NA,1248,NA
3,3,32,20263954,greedy_vs_global,directional_m1_group_greedy,directional_m1_group_global,100000,74097,5626,110,20167,0.0011,110,NA,NA
3,3,32,20263954,two_pairwise_early_vs_pair_global,two_pairwise_m1_early,two_pairwise_m1_pair_global,100000,70150,0,2299,27551,0.02299,NA,NA,NA
3,3,32,20263954,single_hop_early_vs_global,single_hop_m1_early,single_hop_m1_global,100000,71707,0,5437,22856,0.05437,NA,NA,NA
3,3,32,20263954,two_pairwise_pair_global_vs_single_hop_global,two_pairwise_m1_pair_global,single_hop_m1_global,100000,72449,0,4695,22856,0.04695,NA,NA,4695
