RS,CS,F_GROUP,seed,policy,layout,topology,sharing_policy,solution_policy,m,groups,successes,failures,repair_rate,ci95_low,ci95_high,gain_vs_local_pp,mean_fault_stddev_success,mean_fault_stddev_failure,mean_remaining_rows,mean_remaining_columns,mean_borrowed_rows,mean_borrowed_columns,mean_search_nodes,p95_search_nodes,p99_search_nodes,max_search_nodes,cam_accounting_status
3,3,8,20263930,local_no_sharing,2x2,none,no_sharing,legacy,0,100000,99998,2,0.99998,0.999927073162458,0.9999945152614834,0.0,1.1293631223440312,2.956795678960466,5.162,11.53299,0.0,0.0,NA,NA,NA,NA,GENERIC_CPP_CAPACITY
3,3,8,20263930,directional_m1_early,2x2,directional,directional,early,1,100000,100000,0,1.0,0.999961586887417,1.0,0.002000000000002,1.1293996709951637,NA,6.30915,11.1535,1e-05,1e-05,NA,NA,NA,NA,GENERIC_CPP_CAPACITY
3,3,8,20263930,directional_m1_group_greedy,2x2,directional,directional,group_greedy_rtl_canonical,1,100000,100000,0,1.0,0.999961586887417,1.0,0.002000000000002,1.1293996709951637,NA,5.68578,10.98089,1e-05,1e-05,NA,NA,NA,NA,GENERIC_CPP_CAPACITY
3,3,8,20263930,directional_m1_group_global,2x2,directional,directional,group_global,1,100000,100000,0,1.0,0.999961586887417,1.0,0.002000000000002,1.1293996709951637,NA,7.69726,9.61288,1e-05,0.05368,60.84058,113.0,145.0,181,GENERIC_CPP_CAPACITY
3,3,8,20263930,pairwise_row_m1_early,2x2,edge,pairwise_edge,early,1,100000,100000,0,1.0,0.999961586887417,1.0,0.002000000000002,1.1293996709951637,NA,6.23788,11.22457,2e-05,0.0,NA,NA,NA,NA,GENERIC_CPP_CAPACITY
3,3,8,20263930,two_pairwise_m1_early,1x4,pair,pair,one_by_four_two_pairwise_early_v1,1,100000,100000,0,1.0,0.999961586887417,1.0,0.002000000000002,1.1293996709951637,NA,5.16215,11.5332,2e-05,0.0,NA,NA,NA,NA,NOT_PROVEN
3,3,8,20263930,two_pairwise_m1_pair_global,1x4,pair,pair,one_by_four_two_pairwise_pair_global_v1,1,100000,100000,0,1.0,0.999961586887417,1.0,0.002000000000002,1.1293996709951637,NA,11.55386,5.3665,2e-05,0.0,NA,NA,NA,NA,NOT_PROVEN
3,3,8,20263930,single_hop_m1_early,1x4,neighbor,neighbor,one_by_four_single_hop_early_v1,1,100000,100000,0,1.0,0.999961586887417,1.0,0.002000000000002,1.1293996709951637,NA,5.16215,11.5332,2e-05,0.0,NA,NA,NA,NA,NOT_PROVEN
3,3,8,20263930,single_hop_m1_global,1x4,neighbor,neighbor,one_by_four_single_hop_global_v1,1,100000,100000,0,1.0,0.999961586887417,1.0,0.002000000000002,1.1293996709951637,NA,11.55386,5.37868,2e-05,0.0,61.20752,113.0,145.0,181,NOT_PROVEN
3,3,12,20263934,local_no_sharing,2x2,none,no_sharing,legacy,0,100000,99958,42,0.99958,0.9994323767016019,0.9996892424528298,0.0,1.3850225327856809,3.155092944139815,2.99184,10.18889,0.0,0.0,NA,NA,NA,NA,GENERIC_CPP_CAPACITY
3,3,12,20263934,directional_m1_early,2x2,directional,directional,early,1,100000,99998,2,0.99998,0.999927073162458,0.9999945152614834,0.039999999999995595,1.3857236804768485,3.499817760535246,4.5538,10.01371,0.00019,0.00021,NA,NA,NA,NA,GENERIC_CPP_CAPACITY
3,3,12,20263934,directional_m1_group_greedy,2x2,directional,directional,group_greedy_rtl_canonical,1,100000,99998,2,0.99998,0.999927073162458,0.9999945152614834,0.039999999999995595,1.3857236804768485,3.499817760535246,4.05627,9.29766,0.00019,0.00021,NA,NA,NA,NA,GENERIC_CPP_CAPACITY
3,3,12,20263934,directional_m1_group_global,2x2,directional,directional,group_global,1,100000,99998,2,0.99998,0.999927073162458,0.9999945152614834,0.039999999999995595,1.3857236804768485,3.499817760535246,6.27162,8.09436,0.00019,0.10575,123.60175,253.0,332.0,475,GENERIC_CPP_CAPACITY
3,3,12,20263934,pairwise_row_m1_early,2x2,edge,pairwise_edge,early,1,100000,99997,3,0.99997,0.9999117919507483,0.9999897972414555,0.039000000000000146,1.385706715134678,3.3606141741849935,4.33244,10.2343,0.00038,0.0,NA,NA,NA,NA,GENERIC_CPP_CAPACITY
3,3,12,20263934,two_pairwise_m1_early,1x4,pair,pair,one_by_four_two_pairwise_early_v1,1,100000,99994,6,0.99994,0.9998690903160571,0.9999725011809336,0.036000000000002697,1.385680046092107,2.817617818468902,2.99351,10.19219,0.00036,0.0,NA,NA,NA,NA,NOT_PROVEN
3,3,12,20263934,two_pairwise_m1_pair_global,1x4,pair,pair,one_by_four_two_pairwise_pair_global_v1,1,100000,99997,3,0.99997,0.9999117919507483,0.9999897972414555,0.039000000000000146,1.385706715134678,3.3606141741849935,10.3057,3.56555,0.00038,0.0,NA,NA,NA,NA,NOT_PROVEN
3,3,12,20263934,single_hop_m1_early,1x4,neighbor,neighbor,one_by_four_single_hop_early_v1,1,100000,99997,3,0.99997,0.9999117919507483,0.9999897972414555,0.039000000000000146,1.3857105341953864,3.2333159696339044,2.99359,10.19252,0.0004,0.0,NA,NA,NA,NA,NOT_PROVEN
3,3,12,20263934,single_hop_m1_global,1x4,neighbor,neighbor,one_by_four_single_hop_global_v1,1,100000,99998,2,0.99998,0.999927073162458,0.9999945152614834,0.039999999999995595,1.3857274994993654,3.3088704537086127,10.30577,3.60529,0.0004,0.0,129.27919,265.0,337.0,526,NOT_PROVEN
3,3,16,20263938,local_no_sharing,2x2,none,no_sharing,legacy,0,100000,99368,632,0.99368,0.993169511866481,0.9941525605626791,0.0,1.5877249035631844,3.011844539660362,1.63238,8.18406,0.0,0.0,NA,NA,NA,NA,GENERIC_CPP_CAPACITY
3,3,16,20263938,directional_m1_early,2x2,directional,directional,early,1,100000,99865,135,0.99865,0.9984024714925631,0.998859219110258,0.497000000000003,1.5943049153759226,3.3872117949284886,3.25699,8.40062,0.00238,0.0026,NA,NA,NA,NA,GENERIC_CPP_CAPACITY
3,3,16,20263938,directional_m1_group_greedy,2x2,directional,directional,group_greedy_rtl_canonical,1,100000,99883,117,0.99883,0.9985980992852772,0.9990235774888232,0.5149999999999988,1.5945495227276656,3.45422211730286,3.10385,7.36955,0.00251,0.00257,NA,NA,NA,NA,GENERIC_CPP_CAPACITY
3,3,16,20263938,directional_m1_group_global,2x2,directional,directional,group_global,1,100000,99882,118,0.99882,0.9985872009020668,0.9990144766402961,0.5140000000000033,1.5945224246207914,3.4613995793047114,5.03209,6.41297,0.00255,0.10366,164.62304,337.0,452.0,688,GENERIC_CPP_CAPACITY
3,3,16,20263938,pairwise_row_m1_early,2x2,edge,pairwise_edge,early,1,100000,99826,174,0.99826,0.9979818451379096,0.9984998754271394,0.45800000000000285,1.593793193725325,3.2789345373998846,2.90514,8.74697,0.00457,0.0,NA,NA,NA,NA,GENERIC_CPP_CAPACITY
3,3,16,20263938,two_pairwise_m1_early,1x4,pair,pair,one_by_four_two_pairwise_early_v1,1,100000,99782,218,0.99782,0.997511181286782,0.998090573081806,0.41400000000000325,1.593335131714238,3.148476392760505,1.64206,8.21843,0.00414,0.0,NA,NA,NA,NA,NOT_PROVEN
3,3,16,20263938,two_pairwise_m1_pair_global,1x4,pair,pair,one_by_four_two_pairwise_pair_global_v1,1,100000,99881,119,0.99881,0.9985763063020376,0.9990053720085872,0.5129999999999968,1.59451790666337,3.449503620906022,8.46055,2.48034,0.00512,0.0,NA,NA,NA,NA,NOT_PROVEN
3,3,16,20263938,single_hop_m1_early,1x4,neighbor,neighbor,one_by_four_single_hop_early_v1,1,100000,99859,141,0.99859,0.998337496082051,0.9988041991303434,0.490999999999997,1.5944312613616052,3.2214371491015568,1.64271,8.22547,0.00572,0.0,NA,NA,NA,NA,NOT_PROVEN
3,3,16,20263938,single_hop_m1_global,1x4,neighbor,neighbor,one_by_four_single_hop_global_v1,1,100000,99926,74,0.99926,0.9990711973753555,0.9994104463634682,0.5580000000000029,1.5952972807012245,3.5251066889366376,8.4635,2.55479,0.00602,0.0,186.47752,391.0,501.0,823,NOT_PROVEN
3,3,20,20263942,local_no_sharing,2x2,none,no_sharing,legacy,0,100000,96831,3169,0.96831,0.9672061661309782,0.9693778553795144,0.0,1.7494363115666756,2.802468983236963,0.83921,5.9431,0.0,0.0,NA,NA,NA,NA,GENERIC_CPP_CAPACITY
3,3,20,20263942,directional_m1_early,2x2,directional,directional,early,1,100000,98813,1187,0.98813,0.9874397563376938,0.9887827424770159,1.9819999999999949,1.7664981728509386,3.1404445992172865,2.29555,6.50005,0.00914,0.01076,NA,NA,NA,NA,GENERIC_CPP_CAPACITY
3,3,20,20263942,directional_m1_group_greedy,2x2,directional,directional,group_greedy_rtl_canonical,1,100000,99049,951,0.99049,0.9898693368455861,0.9910729806592323,2.2179999999999978,1.7684902525179693,3.273922893310591,2.52583,5.57363,0.01106,0.01085,NA,NA,NA,NA,GENERIC_CPP_CAPACITY
3,3,20,20263942,directional_m1_group_global,2x2,directional,directional,group_global,1,100000,99007,993,0.99007,0.9894363506250541,0.9906659991467788,2.176,1.7679504723488935,3.2640677516050633,3.81208,4.79915,0.01106,0.07138,154.5998,346.0,463.0,878,GENERIC_CPP_CAPACITY
3,3,20,20263942,pairwise_row_m1_early,2x2,edge,pairwise_edge,early,1,100000,98478,1522,0.98478,0.9840023682014063,0.9855203879811578,1.6469999999999985,1.764018194977061,2.9984940132980897,1.89141,6.87715,0.01641,0.0,NA,NA,NA,NA,GENERIC_CPP_CAPACITY
3,3,20,20263942,two_pairwise_m1_early,1x4,pair,pair,one_by_four_two_pairwise_early_v1,1,100000,98270,1730,0.9827,0.9818731300909166,0.9834897858901958,1.4390000000000014,1.7624846936352252,2.9371796818827334,0.85343,6.03621,0.01439,0.0,NA,NA,NA,NA,NOT_PROVEN
3,3,20,20263942,two_pairwise_m1_pair_global,1x4,pair,pair,one_by_four_two_pairwise_pair_global_v1,1,100000,98916,1084,0.98916,0.9884991526367639,0.989783267046934,2.0850000000000035,1.7671203752606008,3.214218315417996,6.39292,1.75289,0.0208,0.0,NA,NA,NA,NA,NOT_PROVEN
3,3,20,20263942,single_hop_m1_early,1x4,neighbor,neighbor,one_by_four_single_hop_early_v1,1,100000,98835,1165,0.98835,0.9876659206278808,0.9889965612850593,2.0039999999999947,1.7681028960226286,3.030250613557271,0.85315,6.07539,0.03026,0.0,NA,NA,NA,NA,NOT_PROVEN
3,3,20,20263942,single_hop_m1_global,1x4,neighbor,neighbor,one_by_four_single_hop_global_v1,1,100000,99373,627,0.99373,0.9932214428488919,0.9942006257389568,2.542,1.7730750238199902,3.325211086326651,6.41695,1.85518,0.02932,0.0,194.11969,421.0,554.0,983,NOT_PROVEN
3,3,24,20263946,local_no_sharing,2x2,none,no_sharing,legacy,0,100000,90861,9139,0.90861,0.9068082498945463,0.9103803581415887,0.0,1.8885379102059032,2.6590559826630367,0.41994,3.88055,0.0,0.0,NA,NA,NA,NA,GENERIC_CPP_CAPACITY
3,3,24,20263946,directional_m1_early,2x2,directional,directional,early,1,100000,95252,4748,0.95252,0.9511844518579776,0.9538207827386104,4.391,1.9104800197345118,2.9314475242258475,1.55856,4.57042,0.01986,0.02563,NA,NA,NA,NA,GENERIC_CPP_CAPACITY
3,3,24,20263946,directional_m1_group_greedy,2x2,directional,directional,group_greedy_rtl_canonical,1,100000,96386,3614,0.96386,0.9626852910203638,0.9649990723668309,5.525000000000002,1.9172545863526191,3.0711275939658282,2.1361,4.09209,0.02673,0.02787,NA,NA,NA,NA,GENERIC_CPP_CAPACITY
3,3,24,20263946,directional_m1_group_global,2x2,directional,directional,group_global,1,100000,95924,4076,0.95924,0.9579967119930246,0.9604480063313301,5.062999999999995,1.9132713158942722,3.034081937913123,2.65814,3.35158,0.02662,0.05807,112.27484,276.0,394.0,857,GENERIC_CPP_CAPACITY
3,3,24,20263946,pairwise_row_m1_early,2x2,edge,pairwise_edge,early,1,100000,94052,5948,0.94052,0.939037064044291,0.9419690924669989,3.1909999999999994,1.906516543194927,2.788140848050907,1.18864,4.87429,0.03182,0.0,NA,NA,NA,NA,GENERIC_CPP_CAPACITY
3,3,24,20263946,two_pairwise_m1_early,1x4,pair,pair,one_by_four_two_pairwise_early_v1,1,100000,93514,6486,0.93514,0.9335967997917697,0.9366497700446116,2.6529999999999943,1.903893542256296,2.7528299374376832,0.43073,3.99672,0.0266,0.0,NA,NA,NA,NA,NOT_PROVEN
3,3,24,20263946,two_pairwise_m1_pair_global,1x4,pair,pair,one_by_four_two_pairwise_pair_global_v1,1,100000,95224,4776,0.95224,0.9509007766797172,0.9535444794282139,4.362999999999994,1.9106248748120707,2.922573828658173,4.37964,1.20718,0.04364,0.0,NA,NA,NA,NA,NOT_PROVEN
3,3,24,20263946,single_hop_m1_early,1x4,neighbor,neighbor,one_by_four_single_hop_early_v1,1,100000,94896,5104,0.94896,0.9475786303755945,0.950306877722355,4.035,1.91309671797527,2.811584940398678,0.43018,4.06121,0.07012,0.0,NA,NA,NA,NA,NOT_PROVEN
3,3,24,20263946,single_hop_m1_global,1x4,neighbor,neighbor,one_by_four_single_hop_global_v1,1,100000,97040,2960,0.9704,0.9693313598613702,0.9714325010823119,6.179000000000001,1.9243195932232304,3.094453499457352,4.44356,1.32837,0.07562,0.0,158.19813,387.0,552.0,1136,NOT_PROVEN
3,3,28,20263950,local_no_sharing,2x2,none,no_sharing,legacy,0,100000,80599,19401,0.80599,0.8035273683375416,0.80842912360582,0.0,2.0010908070711095,2.5588153484842846,0.19487,2.25354,0.0,0.0,NA,NA,NA,NA,GENERIC_CPP_CAPACITY
3,3,28,20263950,directional_m1_early,2x2,directional,directional,early,1,100000,86691,13309,0.86691,0.8647906290627398,0.8690011826269843,6.091999999999997,2.0156782048272652,2.719087480681307,0.96994,2.82598,0.02876,0.03723,NA,NA,NA,NA,GENERIC_CPP_CAPACITY
3,3,28,20263950,directional_m1_group_greedy,2x2,directional,directional,group_greedy_rtl_canonical,1,100000,90112,9888,0.90112,0.8992544697868661,0.9029547136776954,9.513000000000005,2.02343447353862,2.8917644878191604,1.78834,2.90116,0.04732,0.04747,NA,NA,NA,NA,GENERIC_CPP_CAPACITY
3,3,28,20263950,directional_m1_group_global,2x2,directional,directional,group_global,1,100000,87941,12059,0.87941,0.8773770480731664,0.8814138032887435,7.342000000000004,2.0166497637136436,2.7849156368128716,1.6248,2.11734,0.04189,0.05547,69.92511,184.0,282.0,847,GENERIC_CPP_CAPACITY
3,3,28,20263950,pairwise_row_m1_early,2x2,edge,pairwise_edge,early,1,100000,84508,15492,0.84508,0.8428241538292971,0.8473093349769227,3.909000000000007,2.0157163579293327,2.6197609449506793,0.7006,3.02549,0.0391,0.0,NA,NA,NA,NA,GENERIC_CPP_CAPACITY
3,3,28,20263950,two_pairwise_m1_early,1x4,pair,pair,one_by_four_two_pairwise_early_v1,1,100000,83830,16170,0.8383,0.836005078957949,0.8405689307300774,3.231000000000006,2.0133171804221868,2.6068716945130515,0.20133,2.34379,0.0324,0.0,NA,NA,NA,NA,NOT_PROVEN
3,3,28,20263950,two_pairwise_m1_pair_global,1x4,pair,pair,one_by_four_two_pairwise_pair_global_v1,1,100000,86456,13544,0.86456,0.8624250957913702,0.8666668964399833,5.857000000000001,2.0173099236622973,2.6964669060041615,2.65374,0.75481,0.0591,0.0,NA,NA,NA,NA,NOT_PROVEN
3,3,28,20263950,single_hop_m1_early,1x4,neighbor,neighbor,one_by_four_single_hop_early_v1,1,100000,85693,14307,0.85693,0.8547461110940375,0.859086467321414,5.0939999999999985,2.022248499296427,2.6306670779939365,0.2015,2.39955,0.09279,0.0,NA,NA,NA,NA,NOT_PROVEN
3,3,28,20263950,single_hop_m1_global,1x4,neighbor,neighbor,one_by_four_single_hop_global_v1,1,100000,90331,9669,0.90331,0.9014627648945517,0.9051262503205766,9.731999999999996,2.0307488082643554,2.8430989694632802,2.7296,0.86852,0.12787,0.0,107.77575,283.0,430.0,1009,NOT_PROVEN
3,3,32,20263954,local_no_sharing,2x2,none,no_sharing,legacy,0,100000,67265,32735,0.67265,0.6697350517613019,0.6755516841909233,0.0,2.136574504279627,2.5168030450989596,0.09025,1.18469,0.0,0.0,NA,NA,NA,NA,GENERIC_CPP_CAPACITY
3,3,32,20263954,directional_m1_early,2x2,directional,directional,early,1,100000,72959,27041,0.72959,0.7268282658191834,0.7323340956477806,5.693999999999999,2.1493435832941885,2.56241534033959,0.54474,1.54527,0.02766,0.03373,NA,NA,NA,NA,GENERIC_CPP_CAPACITY
3,3,32,20263954,directional_m1_group_greedy,2x2,directional,directional,group_greedy_rtl_canonical,1,100000,79723,20277,0.79723,0.7947266402107009,0.7997105247303931,12.458000000000002,2.1398872188607547,2.7373873335526753,1.45239,2.02681,0.0628,0.0628,NA,NA,NA,NA,GENERIC_CPP_CAPACITY
3,3,32,20263954,directional_m1_group_global,2x2,directional,directional,group_global,1,100000,74207,25793,0.74207,0.7393491634972222,0.7447722391784519,6.942000000000004,2.148505850027439,2.5848120846236338,0.87632,1.19379,0.04074,0.04356,39.86541,116.0,181.0,613,GENERIC_CPP_CAPACITY
3,3,32,20263954,pairwise_row_m1_early,2x2,edge,pairwise_edge,early,1,100000,70931,29069,0.70931,0.7064876324147245,0.7121162870880862,3.6660000000000026,2.1492245908507135,2.5338877243128963,0.38499,1.66743,0.03664,0.0,NA,NA,NA,NA,GENERIC_CPP_CAPACITY
3,3,32,20263954,two_pairwise_m1_early,1x4,pair,pair,one_by_four_two_pairwise_early_v1,1,100000,70150,29850,0.7015,0.6986561216693685,0.7043283978462607,2.8850000000000042,2.1490902823719327,2.524138974984672,0.09325,1.2361,0.02893,0.0,NA,NA,NA,NA,NOT_PROVEN
3,3,32,20263954,two_pairwise_m1_pair_global,1x4,pair,pair,one_by_four_two_pairwise_pair_global_v1,1,100000,72449,27551,0.72449,0.7217123525339855,0.7272504007467269,5.183999999999999,2.1538442069858514,2.5429339319721813,1.42796,0.42425,0.05234,0.0,NA,NA,NA,NA,NOT_PROVEN
3,3,32,20263954,single_hop_m1_early,1x4,neighbor,neighbor,one_by_four_single_hop_early_v1,1,100000,71707,28293,0.71707,0.7142700052690705,0.7198533180622326,4.442000000000002,2.156496972796364,2.5260065487355408,0.09383,1.26663,0.08202,0.0,NA,NA,NA,NA,NOT_PROVEN
3,3,32,20263954,single_hop_m1_global,1x4,neighbor,neighbor,one_by_four_single_hop_global_v1,1,100000,77144,22856,0.77144,0.7688270510472173,0.7740320952422237,9.879000000000005,2.161222478470448,2.5979561092299304,1.47914,0.50529,0.13672,0.0,65.39184,185.0,286.0,757,NOT_PROVEN
