label,edge,early_commit_before_edge,early_done_after_edge,group_done_after_edge,event
FAST_SUCCESS,0,0,0,0,start_accept
FAST_SUCCESS,1,1,0,0,edge
FAST_SUCCESS,2,1,0,0,edge
FAST_SUCCESS,3,1,0,0,edge
FAST_SUCCESS,4,1,1,0,edge
FAST_SUCCESS,5,0,0,0,edge
FAST_SUCCESS,6,0,0,0,edge
FAST_SUCCESS,7,0,0,0,edge
FAST_SUCCESS,8,0,0,0,edge
FAST_SUCCESS,9,0,0,0,edge
FAST_SUCCESS,10,0,0,0,edge
FAST_SUCCESS,11,0,0,0,edge
FAST_SUCCESS,12,0,0,0,edge
FAST_SUCCESS,13,0,0,0,edge
FAST_SUCCESS,14,0,0,0,edge
FAST_SUCCESS,15,0,0,0,edge
FAST_SUCCESS,16,0,0,0,edge
FAST_SUCCESS,17,0,0,1,edge
FAILURE_OVERFLOW,0,0,0,0,start_accept
FAILURE_OVERFLOW,1,0,0,0,edge
FAILURE_OVERFLOW,2,0,0,0,edge
FAILURE_OVERFLOW,3,0,0,0,edge
FAILURE_OVERFLOW,4,0,1,0,edge
FAILURE_OVERFLOW,5,0,0,0,edge
FAILURE_OVERFLOW,6,0,0,0,edge
FAILURE_OVERFLOW,7,0,0,0,edge
FAILURE_OVERFLOW,8,0,0,0,edge
FAILURE_OVERFLOW,9,0,0,0,edge
FAILURE_OVERFLOW,10,0,0,0,edge
FAILURE_OVERFLOW,11,0,0,0,edge
FAILURE_OVERFLOW,12,0,0,0,edge
FAILURE_OVERFLOW,13,0,0,0,edge
FAILURE_OVERFLOW,14,0,0,0,edge
FAILURE_OVERFLOW,15,0,0,0,edge
FAILURE_OVERFLOW,16,0,0,0,edge
FAILURE_OVERFLOW,17,0,0,1,edge
MAX_OBSERVED_EARLY_SUCCESS,0,0,0,0,start_accept
MAX_OBSERVED_EARLY_SUCCESS,1,0,0,0,edge
MAX_OBSERVED_EARLY_SUCCESS,2,0,0,0,edge
MAX_OBSERVED_EARLY_SUCCESS,3,1,0,0,edge
MAX_OBSERVED_EARLY_SUCCESS,4,0,0,0,edge
MAX_OBSERVED_EARLY_SUCCESS,5,0,0,0,edge
MAX_OBSERVED_EARLY_SUCCESS,6,1,0,0,edge
MAX_OBSERVED_EARLY_SUCCESS,7,0,0,0,edge
MAX_OBSERVED_EARLY_SUCCESS,8,0,0,0,edge
MAX_OBSERVED_EARLY_SUCCESS,9,1,0,0,edge
MAX_OBSERVED_EARLY_SUCCESS,10,0,0,0,edge
MAX_OBSERVED_EARLY_SUCCESS,11,0,0,0,edge
MAX_OBSERVED_EARLY_SUCCESS,12,1,1,0,edge
MAX_OBSERVED_EARLY_SUCCESS,13,0,0,0,edge
MAX_OBSERVED_EARLY_SUCCESS,14,0,0,0,edge
MAX_OBSERVED_EARLY_SUCCESS,15,0,0,0,edge
MAX_OBSERVED_EARLY_SUCCESS,16,0,0,0,edge
MAX_OBSERVED_EARLY_SUCCESS,17,0,0,1,edge
