vector_id,seed,early_repairable,group_repairable,early_start_cycle,early_first_commit_cycle,early_final_commit_cycle,early_done_cycle,early_l_first_commit,early_l_final_commit,early_l_done,early_commit_count,group_start_cycle,group_done_cycle,group_l_done,delta_done,early_selected_config_flat,early_selected_pattern_flat,group_selected_config_flat,group_selected_pattern_flat
0,20260922,0,0,0,NA,NA,4,NA,NA,4,0,0,17,17,13,0,0,0,0
1,20260922,1,1,0,1,4,4,1,4,4,4,0,17,17,13,2124,4369,0,4369
2,20260922,0,0,0,NA,NA,4,NA,NA,4,0,0,17,17,13,0,0,0,0
3,20260922,0,0,0,3,NA,7,3,NA,7,1,0,17,17,10,6,1,0,0
4,20260922,1,1,0,2,8,8,2,8,8,4,0,17,17,9,0,13107,0,13107
5,20260922,0,0,0,NA,NA,4,NA,NA,4,0,0,17,17,13,0,0,0,0
6,20260922,1,1,0,3,12,12,3,12,12,4,0,17,17,5,3294,4369,3294,4369
7,20260922,1,1,0,1,4,4,1,4,4,4,0,17,17,13,2124,4369,0,4369
8,20260922,0,0,0,NA,NA,4,NA,NA,4,0,0,17,17,13,0,0,0,0
9,20260922,1,1,0,1,4,4,1,4,4,4,0,17,17,13,2124,4369,0,4369
10,20260922,1,1,0,1,6,6,1,6,6,4,0,17,17,11,2052,5729,0,26214
11,20260922,0,0,0,NA,NA,4,NA,NA,4,0,0,17,17,13,0,0,0,0
12,20260922,0,0,0,4,NA,8,4,NA,8,1,0,17,17,9,5,7,0,0
13,20260922,0,0,0,NA,NA,4,NA,NA,4,0,0,17,17,13,0,0,0,0
14,20260922,1,1,0,2,8,8,2,8,8,4,0,17,17,9,0,26214,0,26214
15,20260922,0,0,0,NA,NA,4,NA,NA,4,0,0,17,17,13,0,0,0,0
16,20260922,1,1,0,1,4,4,1,4,4,4,0,17,17,13,2124,4369,0,4369
17,20260922,0,0,0,4,NA,8,4,NA,8,1,0,17,17,9,5,2,0,0
18,20260922,0,0,0,NA,NA,4,NA,NA,4,0,0,17,17,13,0,0,0,0
19,20260922,0,0,0,NA,NA,4,NA,NA,4,0,0,17,17,13,0,0,0,0
20,20260922,0,0,0,NA,NA,4,NA,NA,4,0,0,17,17,13,0,0,0,0
21,20260922,1,1,0,3,12,12,3,12,12,4,0,17,17,5,3294,4369,3294,4369
22,20260922,0,0,0,3,NA,7,3,NA,7,1,0,17,17,10,6,1,0,0
23,20260922,1,1,0,1,4,4,1,4,4,4,0,17,17,13,2124,4369,0,4369
24,20260922,0,0,0,NA,NA,4,NA,NA,4,0,0,17,17,13,0,0,0,0
25,20260922,1,1,0,1,4,4,1,4,4,4,0,17,17,13,2124,4369,0,4369
26,20260922,1,1,0,1,4,4,1,4,4,4,0,17,17,13,2124,4369,0,4369
27,20260922,0,0,0,4,NA,11,4,NA,11,2,0,17,17,6,29,20,0,0
28,20260922,0,0,0,NA,NA,4,NA,NA,4,0,0,17,17,13,0,0,0,0
29,20260922,0,0,0,NA,NA,4,NA,NA,4,0,0,17,17,13,0,0,0,0
30,20260922,1,1,0,3,12,12,3,12,12,4,0,17,17,5,3294,4369,3294,4369
31,20260922,0,0,0,3,NA,7,3,NA,7,1,0,17,17,10,6,1,0,0
32,20260922,0,0,0,4,NA,8,4,NA,8,1,0,17,17,9,5,7,0,0
33,20260922,1,1,0,1,4,4,1,4,4,4,0,17,17,13,2124,4369,0,4369
34,20260922,1,1,0,1,4,4,1,4,4,4,0,17,17,13,2124,4369,0,4369
35,20260922,1,1,0,1,4,4,1,4,4,4,0,17,17,13,2124,4369,0,4369
36,20260922,1,1,0,1,4,4,1,4,4,4,0,17,17,13,2124,4369,0,4369
37,20260922,1,1,0,4,10,10,4,10,10,4,0,17,17,7,2637,41242,2637,41242
38,20260922,0,0,0,4,NA,8,4,NA,8,1,0,17,17,9,5,4,0,0
39,20260922,1,1,0,3,12,12,3,12,12,4,0,17,17,5,3294,4369,3294,4369
40,20260922,1,1,0,1,4,4,1,4,4,4,0,17,17,13,2124,4369,0,4369
41,20260922,0,0,0,NA,NA,4,NA,NA,4,0,0,17,17,13,0,0,0,0
42,20260922,1,1,0,1,4,4,1,4,4,4,0,17,17,13,2124,4369,0,4369
43,20260922,1,1,0,2,6,6,2,6,6,4,0,17,17,11,72,4369,0,4369
44,20260922,0,0,0,NA,NA,4,NA,NA,4,0,0,17,17,13,0,0,0,0
45,20260922,0,0,0,NA,NA,4,NA,NA,4,0,0,17,17,13,0,0,0,0
46,20260922,1,1,0,1,4,4,1,4,4,4,0,17,17,13,2124,4369,0,4369
47,20260922,1,1,0,1,4,4,1,4,4,4,0,17,17,13,2124,4369,0,4369
48,20260922,0,0,0,NA,NA,4,NA,NA,4,0,0,17,17,13,0,0,0,0
49,20260922,0,0,0,NA,NA,4,NA,NA,4,0,0,17,17,13,0,0,0,0
50,20260922,0,0,0,NA,NA,4,NA,NA,4,0,0,17,17,13,0,0,0,0
51,20260922,0,0,0,4,NA,8,4,NA,8,1,0,17,17,9,5,10,0,0
52,20260922,0,0,0,NA,NA,4,NA,NA,4,0,0,17,17,13,0,0,0,0
53,20260922,0,0,0,NA,NA,4,NA,NA,4,0,0,17,17,13,0,0,0,0
54,20260922,0,0,0,NA,NA,4,NA,NA,4,0,0,17,17,13,0,0,0,0
55,20260922,0,0,0,NA,NA,4,NA,NA,4,0,0,17,17,13,0,0,0,0
56,20260922,0,0,0,NA,NA,4,NA,NA,4,0,0,17,17,13,0,0,0,0
57,20260922,0,0,0,NA,NA,4,NA,NA,4,0,0,17,17,13,0,0,0,0
58,20260922,0,0,0,NA,NA,4,NA,NA,4,0,0,17,17,13,0,0,0,0
59,20260922,1,1,0,1,4,4,1,4,4,4,0,17,17,13,2124,4369,0,4369
60,20260922,1,1,0,3,12,12,3,12,12,4,0,17,17,5,3294,4369,3294,4369
61,20260922,0,0,0,4,NA,8,4,NA,8,1,0,17,17,9,5,9,0,0
62,20260922,1,1,0,1,4,4,1,4,4,4,0,17,17,13,2124,4369,0,4369
63,20260922,0,0,0,4,NA,8,4,NA,8,1,0,17,17,9,5,9,0,0
64,20260922,0,0,0,3,NA,7,3,NA,7,1,0,17,17,10,6,1,0,0
65,20260922,0,0,0,NA,NA,4,NA,NA,4,0,0,17,17,13,0,0,0,0
66,20260922,1,1,0,1,4,4,1,4,4,4,0,17,17,13,2124,4369,0,4369
67,20260922,1,1,0,3,12,12,3,12,12,4,0,17,17,5,3294,4369,3294,4369
68,20260922,0,0,0,NA,NA,4,NA,NA,4,0,0,17,17,13,0,0,0,0
69,20260922,1,1,0,1,4,4,1,4,4,4,0,17,17,13,2124,4369,0,4369
70,20260922,1,1,0,1,4,4,1,4,4,4,0,17,17,13,2124,4369,0,4369
71,20260922,1,1,0,2,6,6,2,6,6,4,0,17,17,11,72,4369,0,4369
72,20260922,0,0,0,NA,NA,4,NA,NA,4,0,0,17,17,13,0,0,0,0
73,20260922,1,1,0,1,4,4,1,4,4,4,0,17,17,13,2124,4369,0,4369
74,20260922,0,0,0,NA,NA,4,NA,NA,4,0,0,17,17,13,0,0,0,0
75,20260922,0,0,0,3,NA,7,3,NA,7,1,0,17,17,10,6,3,0,0
76,20260922,1,1,0,1,4,4,1,4,4,4,0,17,17,13,2124,12563,0,4369
77,20260922,1,1,0,3,12,12,3,12,12,4,0,17,17,5,3294,4369,3294,4369
78,20260922,1,1,0,1,4,4,1,4,4,4,0,17,17,13,2124,4369,0,4369
79,20260922,1,1,0,3,12,12,3,12,12,4,0,17,17,5,3294,4369,3294,4369
80,20260922,1,1,0,1,6,6,1,6,6,4,0,17,17,11,2052,5729,0,26214
81,20260922,0,0,0,NA,NA,4,NA,NA,4,0,0,17,17,13,0,0,0,0
82,20260922,1,1,0,1,4,4,1,4,4,4,0,17,17,13,2124,4369,0,4369
83,20260922,1,1,0,1,4,4,1,4,4,4,0,17,17,13,2124,4369,0,4369
84,20260922,0,0,0,NA,NA,4,NA,NA,4,0,0,17,17,13,0,0,0,0
85,20260922,1,1,0,2,6,6,2,6,6,4,0,17,17,11,72,4369,0,4369
86,20260922,1,1,0,1,4,4,1,4,4,4,0,17,17,13,2124,4369,0,4369
87,20260922,0,0,0,NA,NA,4,NA,NA,4,0,0,17,17,13,0,0,0,0
88,20260922,1,1,0,2,6,6,2,6,6,4,0,17,17,11,72,4369,0,4369
89,20260922,0,0,0,3,NA,7,3,NA,7,1,0,17,17,10,6,1,0,0
90,20260922,1,1,0,2,6,6,2,6,6,4,0,17,17,11,72,4369,0,4369
91,20260922,1,1,0,3,12,12,3,12,12,4,0,17,17,5,3294,4369,3294,4369
92,20260922,1,1,0,3,12,12,3,12,12,4,0,17,17,5,3294,4369,3294,4369
93,20260922,1,1,0,1,4,4,1,4,4,4,0,17,17,13,2124,4369,0,4369
94,20260922,0,0,0,NA,NA,4,NA,NA,4,0,0,17,17,13,0,0,0,0
95,20260922,1,1,0,1,4,4,1,4,4,4,0,17,17,13,2124,4913,0,17476
96,20260922,1,1,0,1,4,4,1,4,4,4,0,17,17,13,2124,4369,0,4369
97,20260922,0,0,0,NA,NA,4,NA,NA,4,0,0,17,17,13,0,0,0,0
98,20260922,0,0,0,4,NA,8,4,NA,8,1,0,17,17,9,5,2,0,0
99,20260922,0,0,0,NA,NA,4,NA,NA,4,0,0,17,17,13,0,0,0,0
100,20260922,1,1,0,3,12,12,3,12,12,4,0,17,17,5,3294,5185,3294,5185
101,20260922,1,1,0,1,4,4,1,4,4,4,0,17,17,13,2124,4369,0,4369
102,20260922,1,1,0,1,4,4,1,4,4,4,0,17,17,13,2124,4369,0,4369
103,20260922,1,1,0,1,6,6,1,6,6,4,0,17,17,11,2052,5729,0,26214
104,20260922,1,1,0,1,4,4,1,4,4,4,0,17,17,13,2124,4369,0,4369
105,20260922,0,0,0,NA,NA,4,NA,NA,4,0,0,17,17,13,0,0,0,0
106,20260922,1,1,0,1,4,4,1,4,4,4,0,17,17,13,2124,4641,2124,4641
107,20260922,1,1,0,1,6,6,1,6,6,4,0,17,17,11,2052,5185,0,17476
108,20260922,0,0,0,3,NA,7,3,NA,7,1,0,17,17,10,6,1,0,0
109,20260922,0,0,0,NA,NA,4,NA,NA,4,0,0,17,17,13,0,0,0,0
110,20260922,1,1,0,1,4,4,1,4,4,4,0,17,17,13,2124,4369,0,4369
111,20260922,1,1,0,3,12,12,3,12,12,4,0,17,17,5,3294,4369,3294,4369
112,20260922,0,0,0,NA,NA,4,NA,NA,4,0,0,17,17,13,0,0,0,0
113,20260922,0,0,0,NA,NA,4,NA,NA,4,0,0,17,17,13,0,0,0,0
114,20260922,1,1,0,3,12,12,3,12,12,4,0,17,17,5,3294,4369,3294,4369
115,20260922,1,1,0,3,12,12,3,12,12,4,0,17,17,5,3294,4369,3294,4369
116,20260922,0,0,0,NA,NA,4,NA,NA,4,0,0,17,17,13,0,0,0,0
117,20260922,1,1,0,1,4,4,1,4,4,4,0,17,17,13,2124,4369,0,4369
118,20260922,0,0,0,NA,NA,4,NA,NA,4,0,0,17,17,13,0,0,0,0
119,20260922,1,1,0,1,4,4,1,4,4,4,0,17,17,13,2124,4369,0,4369
120,20260922,1,1,0,2,6,6,2,6,6,4,0,17,17,11,72,4369,0,4369
121,20260922,0,0,0,NA,NA,4,NA,NA,4,0,0,17,17,13,0,0,0,0
122,20260922,0,0,0,NA,NA,4,NA,NA,4,0,0,17,17,13,0,0,0,0
123,20260922,0,0,0,3,NA,7,3,NA,7,1,0,17,17,10,6,1,0,0
124,20260922,1,1,0,1,4,4,1,4,4,4,0,17,17,13,2124,4369,0,4369
125,20260922,0,0,0,NA,NA,4,NA,NA,4,0,0,17,17,13,0,0,0,0
126,20260922,0,0,0,NA,NA,4,NA,NA,4,0,0,17,17,13,0,0,0,0
127,20260922,0,0,0,NA,NA,4,NA,NA,4,0,0,17,17,13,0,0,0,0
128,20260922,1,1,0,1,4,4,1,4,4,4,0,17,17,13,2124,4369,0,4369
129,20260922,1,1,0,1,4,4,1,4,4,4,0,17,17,13,2124,4369,0,4369
130,20260922,0,0,0,NA,NA,4,NA,NA,4,0,0,17,17,13,0,0,0,0
131,20260922,1,1,0,1,4,4,1,4,4,4,0,17,17,13,2124,4369,0,4369
132,20260922,0,0,0,NA,NA,4,NA,NA,4,0,0,17,17,13,0,0,0,0
133,20260922,1,1,0,1,4,4,1,4,4,4,0,17,17,13,2124,4369,0,4369
134,20260922,0,0,0,NA,NA,4,NA,NA,4,0,0,17,17,13,0,0,0,0
135,20260922,0,0,0,NA,NA,4,NA,NA,4,0,0,17,17,13,0,0,0,0
136,20260922,0,0,0,NA,NA,4,NA,NA,4,0,0,17,17,13,0,0,0,0
137,20260922,1,1,0,1,4,4,1,4,4,4,0,17,17,13,2124,4369,0,4369
138,20260922,0,0,0,NA,NA,4,NA,NA,4,0,0,17,17,13,0,0,0,0
139,20260922,0,0,0,3,NA,7,3,NA,7,1,0,17,17,10,6,1,0,0
140,20260922,0,0,0,NA,NA,4,NA,NA,4,0,0,17,17,13,0,0,0,0
141,20260922,0,0,0,NA,NA,4,NA,NA,4,0,0,17,17,13,0,0,0,0
142,20260922,1,1,0,2,6,6,2,6,6,4,0,17,17,11,72,4369,0,4369
143,20260922,1,1,0,1,4,4,1,4,4,4,0,17,17,13,2124,12563,0,4369
144,20260922,1,1,0,1,4,4,1,4,4,4,0,17,17,13,2124,12563,0,4369
145,20260922,0,0,0,NA,NA,4,NA,NA,4,0,0,17,17,13,0,0,0,0
146,20260922,1,1,0,1,4,4,1,4,4,4,0,17,17,13,2124,4913,0,17476
147,20260922,0,0,0,NA,NA,4,NA,NA,4,0,0,17,17,13,0,0,0,0
148,20260922,0,0,0,NA,NA,4,NA,NA,4,0,0,17,17,13,0,0,0,0
149,20260922,1,1,0,1,4,4,1,4,4,4,0,17,17,13,2124,12563,0,4369
150,20260922,1,1,0,2,6,6,2,6,6,4,0,17,17,11,72,8738,0,8738
151,20260922,1,1,0,3,12,12,3,12,12,4,0,17,17,5,3294,4369,3294,4369
152,20260922,0,0,0,NA,NA,4,NA,NA,4,0,0,17,17,13,0,0,0,0
153,20260922,0,0,0,NA,NA,4,NA,NA,4,0,0,17,17,13,0,0,0,0
154,20260922,0,0,0,NA,NA,4,NA,NA,4,0,0,17,17,13,0,0,0,0
155,20260922,1,1,0,1,4,4,1,4,4,4,0,17,17,13,2124,4913,0,17476
156,20260922,1,1,0,2,8,8,2,8,8,4,0,17,17,9,0,13107,0,13107
157,20260922,0,0,0,NA,NA,4,NA,NA,4,0,0,17,17,13,0,0,0,0
158,20260922,1,1,0,1,4,4,1,4,4,4,0,17,17,13,2124,4369,0,4369
159,20260922,0,0,0,NA,NA,4,NA,NA,4,0,0,17,17,13,0,0,0,0
160,20260922,0,0,0,3,NA,7,3,NA,7,1,0,17,17,10,6,1,0,0
161,20260922,0,0,0,NA,NA,4,NA,NA,4,0,0,17,17,13,0,0,0,0
162,20260922,0,0,0,3,NA,7,3,NA,7,1,0,17,17,10,6,1,0,0
163,20260922,0,0,0,3,NA,7,3,NA,7,1,0,17,17,10,6,1,0,0
164,20260922,1,1,0,2,8,8,2,8,8,4,0,17,17,9,0,4369,0,4369
165,20260922,0,0,0,NA,NA,4,NA,NA,4,0,0,17,17,13,0,0,0,0
166,20260922,0,0,0,NA,NA,4,NA,NA,4,0,0,17,17,13,0,0,0,0
167,20260922,0,0,0,NA,NA,4,NA,NA,4,0,0,17,17,13,0,0,0,0
168,20260922,0,0,0,NA,NA,4,NA,NA,4,0,0,17,17,13,0,0,0,0
169,20260922,1,1,0,3,12,12,3,12,12,4,0,17,17,5,3294,4369,3294,4369
170,20260922,0,0,0,NA,NA,4,NA,NA,4,0,0,17,17,13,0,0,0,0
171,20260922,1,1,0,2,8,8,2,8,8,4,0,17,17,9,0,17476,0,17476
172,20260922,1,1,0,1,6,6,1,6,6,4,0,17,17,11,2052,5185,0,17476
173,20260922,1,1,0,2,6,6,2,6,6,4,0,17,17,11,72,4369,0,4369
174,20260922,0,0,0,NA,NA,4,NA,NA,4,0,0,17,17,13,0,0,0,0
175,20260922,1,1,0,1,4,4,1,4,4,4,0,17,17,13,2124,4369,0,4369
176,20260922,0,0,0,NA,NA,4,NA,NA,4,0,0,17,17,13,0,0,0,0
177,20260922,0,0,0,NA,NA,4,NA,NA,4,0,0,17,17,13,0,0,0,0
178,20260922,0,0,0,NA,NA,4,NA,NA,4,0,0,17,17,13,0,0,0,0
179,20260922,0,0,0,NA,NA,4,NA,NA,4,0,0,17,17,13,0,0,0,0
180,20260922,1,1,0,1,4,4,1,4,4,4,0,17,17,13,2124,4369,0,4369
181,20260922,1,1,0,1,6,6,1,6,6,4,0,17,17,11,2052,9554,0,21845
182,20260922,0,0,0,NA,NA,4,NA,NA,4,0,0,17,17,13,0,0,0,0
183,20260922,0,0,0,NA,NA,4,NA,NA,4,0,0,17,17,13,0,0,0,0
184,20260922,0,0,0,4,NA,8,4,NA,8,1,0,17,17,9,5,3,0,0
185,20260922,0,0,0,3,NA,7,3,NA,7,1,0,17,17,10,6,2,0,0
186,20260922,0,0,0,3,NA,7,3,NA,7,1,0,17,17,10,6,4,0,0
187,20260922,1,1,0,1,4,4,1,4,4,4,0,17,17,13,2124,4913,0,17476
188,20260922,0,0,0,NA,NA,4,NA,NA,4,0,0,17,17,13,0,0,0,0
189,20260922,1,1,0,3,12,12,3,12,12,4,0,17,17,5,3294,4369,3294,4369
190,20260922,1,1,0,3,12,12,3,12,12,4,0,17,17,5,3294,4369,3294,4369
191,20260922,0,0,0,NA,NA,4,NA,NA,4,0,0,17,17,13,0,0,0,0
192,20260922,1,1,0,1,6,6,1,6,6,4,0,17,17,11,2052,4641,0,8738
193,20260922,0,0,0,NA,NA,4,NA,NA,4,0,0,17,17,13,0,0,0,0
194,20260922,0,0,0,NA,NA,4,NA,NA,4,0,0,17,17,13,0,0,0,0
195,20260922,1,1,0,1,4,4,1,4,4,4,0,17,17,13,2124,4369,0,4369
196,20260922,0,0,0,NA,NA,4,NA,NA,4,0,0,17,17,13,0,0,0,0
197,20260922,0,0,0,NA,NA,4,NA,NA,4,0,0,17,17,13,0,0,0,0
198,20260922,1,1,0,1,6,6,1,6,6,4,0,17,17,11,2052,5729,0,26214
199,20260922,0,0,0,NA,NA,4,NA,NA,4,0,0,17,17,13,0,0,0,0
200,20260922,0,0,0,NA,NA,4,NA,NA,4,0,0,17,17,13,0,0,0,0
201,20260922,0,0,0,NA,NA,4,NA,NA,4,0,0,17,17,13,0,0,0,0
202,20260922,0,0,0,3,NA,7,3,NA,7,1,0,17,17,10,6,1,0,0
203,20260922,0,0,0,NA,NA,4,NA,NA,4,0,0,17,17,13,0,0,0,0
204,20260922,1,1,0,1,4,4,1,4,4,4,0,17,17,13,2124,12563,0,4369
205,20260922,1,1,0,2,6,6,2,6,6,4,0,17,17,11,72,4369,0,4369
206,20260922,1,1,0,1,4,4,1,4,4,4,0,17,17,13,2124,4369,0,4369
207,20260922,1,1,0,1,4,4,1,4,4,4,0,17,17,13,2124,4369,0,4369
208,20260922,1,1,0,1,4,4,1,4,4,4,0,17,17,13,2124,4369,0,4369
209,20260922,1,1,0,1,4,4,1,4,4,4,0,17,17,13,2124,4369,0,4369
210,20260922,0,0,0,4,NA,11,4,NA,11,2,0,17,17,6,29,18,0,0
211,20260922,0,0,0,NA,NA,4,NA,NA,4,0,0,17,17,13,0,0,0,0
212,20260922,1,1,0,1,6,6,1,6,6,4,0,17,17,11,2052,5185,0,17476
213,20260922,0,0,0,3,NA,7,3,NA,7,1,0,17,17,10,6,1,0,0
214,20260922,1,1,0,2,6,6,2,6,6,4,0,17,17,11,72,4369,0,4369
215,20260922,1,1,0,1,4,4,1,4,4,4,0,17,17,13,2124,12563,0,4369
216,20260922,1,1,0,2,6,6,2,6,6,4,0,17,17,11,72,4369,0,4369
217,20260922,1,1,0,1,6,6,1,6,6,4,0,17,17,11,2052,5185,0,17476
218,20260922,1,1,0,1,4,4,1,4,4,4,0,17,17,13,2124,4369,0,4369
219,20260922,0,0,0,NA,NA,4,NA,NA,4,0,0,17,17,13,0,0,0,0
220,20260922,0,0,0,NA,NA,4,NA,NA,4,0,0,17,17,13,0,0,0,0
221,20260922,0,0,0,NA,NA,4,NA,NA,4,0,0,17,17,13,0,0,0,0
222,20260922,0,0,0,NA,NA,4,NA,NA,4,0,0,17,17,13,0,0,0,0
223,20260922,0,0,0,4,NA,8,4,NA,8,1,0,17,17,9,5,1,0,0
224,20260922,1,1,0,2,8,8,2,8,8,4,0,17,17,9,0,26214,0,26214
225,20260922,1,1,0,2,6,6,2,6,6,4,0,17,17,11,72,8738,0,8738
226,20260922,1,1,0,1,6,6,1,6,6,4,0,17,17,11,2052,5729,0,26214
227,20260922,0,0,0,NA,NA,4,NA,NA,4,0,0,17,17,13,0,0,0,0
228,20260922,1,1,0,2,6,6,2,6,6,4,0,17,17,11,72,4369,0,4369
229,20260922,1,1,0,3,12,12,3,12,12,4,0,17,17,5,3294,4369,3294,4369
230,20260922,1,1,0,1,4,4,1,4,4,4,0,17,17,13,2124,4369,0,4369
231,20260922,0,0,0,3,NA,7,3,NA,7,1,0,17,17,10,6,1,0,0
232,20260922,0,0,0,NA,NA,4,NA,NA,4,0,0,17,17,13,0,0,0,0
233,20260922,1,1,0,2,6,6,2,6,6,4,0,17,17,11,72,4369,0,4369
234,20260922,0,0,0,NA,NA,4,NA,NA,4,0,0,17,17,13,0,0,0,0
235,20260922,0,0,0,NA,NA,4,NA,NA,4,0,0,17,17,13,0,0,0,0
236,20260922,1,1,0,1,4,4,1,4,4,4,0,17,17,13,2124,4369,0,4369
237,20260922,0,0,0,NA,NA,4,NA,NA,4,0,0,17,17,13,0,0,0,0
238,20260922,1,1,0,1,4,4,1,4,4,4,0,17,17,13,2124,4369,0,4369
239,20260922,1,1,0,2,8,8,2,8,8,4,0,17,17,9,0,4369,0,4369
240,20260922,0,0,0,NA,NA,4,NA,NA,4,0,0,17,17,13,0,0,0,0
241,20260922,1,1,0,1,4,4,1,4,4,4,0,17,17,13,2124,4913,0,17476
242,20260922,1,1,0,2,8,8,2,8,8,4,0,17,17,9,0,21845,0,21845
243,20260922,0,0,0,3,NA,7,3,NA,7,1,0,17,17,10,6,1,0,0
244,20260922,1,1,0,1,4,4,1,4,4,4,0,17,17,13,2124,12563,0,4369
245,20260922,1,1,0,1,4,4,1,4,4,4,0,17,17,13,2124,4369,0,4369
246,20260922,0,0,0,NA,NA,4,NA,NA,4,0,0,17,17,13,0,0,0,0
247,20260922,0,0,0,3,NA,7,3,NA,7,1,0,17,17,10,6,1,0,0
248,20260922,0,0,0,NA,NA,4,NA,NA,4,0,0,17,17,13,0,0,0,0
249,20260922,0,0,0,NA,NA,4,NA,NA,4,0,0,17,17,13,0,0,0,0
250,20260922,0,0,0,NA,NA,4,NA,NA,4,0,0,17,17,13,0,0,0,0
251,20260922,0,0,0,NA,NA,4,NA,NA,4,0,0,17,17,13,0,0,0,0
252,20260922,0,0,0,NA,NA,4,NA,NA,4,0,0,17,17,13,0,0,0,0
253,20260922,0,0,0,NA,NA,4,NA,NA,4,0,0,17,17,13,0,0,0,0
254,20260922,1,1,0,1,4,4,1,4,4,4,0,17,17,13,2124,4369,0,4369
255,20260922,1,1,0,1,4,4,1,4,4,4,0,17,17,13,2124,4369,0,4369
256,20260922,1,1,0,1,4,4,1,4,4,4,0,17,17,13,2124,4369,0,4369
257,20260922,0,0,0,NA,NA,4,NA,NA,4,0,0,17,17,13,0,0,0,0
258,20260922,1,1,0,1,4,4,1,4,4,4,0,17,17,13,2124,4369,0,4369
259,20260922,0,0,0,3,NA,7,3,NA,7,1,0,17,17,10,6,1,0,0
260,20260922,1,1,0,1,4,4,1,4,4,4,0,17,17,13,2124,4369,0,4369
261,20260922,0,0,0,NA,NA,4,NA,NA,4,0,0,17,17,13,0,0,0,0
262,20260922,0,0,0,4,NA,8,4,NA,8,1,0,17,17,9,5,4,0,0
263,20260922,0,0,0,NA,NA,4,NA,NA,4,0,0,17,17,13,0,0,0,0
264,20260922,1,1,0,1,4,4,1,4,4,4,0,17,17,13,2124,4369,0,4369
265,20260922,0,0,0,3,NA,7,3,NA,7,1,0,17,17,10,6,1,0,0
266,20260922,0,0,0,NA,NA,4,NA,NA,4,0,0,17,17,13,0,0,0,0
267,20260922,0,0,0,NA,NA,4,NA,NA,4,0,0,17,17,13,0,0,0,0
268,20260922,0,0,0,NA,NA,4,NA,NA,4,0,0,17,17,13,0,0,0,0
269,20260922,0,0,0,3,NA,7,3,NA,7,1,0,17,17,10,6,2,0,0
270,20260922,0,0,0,NA,NA,4,NA,NA,4,0,0,17,17,13,0,0,0,0
271,20260922,1,1,0,1,4,4,1,4,4,4,0,17,17,13,2124,4369,0,4369
272,20260922,0,0,0,3,NA,7,3,NA,7,1,0,17,17,10,6,1,0,0
273,20260922,1,1,0,1,4,4,1,4,4,4,0,17,17,13,2124,4369,0,4369
274,20260922,1,1,0,1,4,4,1,4,4,4,0,17,17,13,2124,4369,0,4369
275,20260922,1,1,0,1,4,4,1,4,4,4,0,17,17,13,2124,4369,0,4369
276,20260922,0,0,0,NA,NA,4,NA,NA,4,0,0,17,17,13,0,0,0,0
277,20260922,0,0,0,NA,NA,4,NA,NA,4,0,0,17,17,13,0,0,0,0
278,20260922,1,1,0,3,12,12,3,12,12,4,0,17,17,5,3294,4369,3294,4369
279,20260922,0,0,0,NA,NA,4,NA,NA,4,0,0,17,17,13,0,0,0,0
280,20260922,0,0,0,NA,NA,4,NA,NA,4,0,0,17,17,13,0,0,0,0
281,20260922,1,1,0,1,4,4,1,4,4,4,0,17,17,13,2124,4369,0,4369
282,20260922,0,0,0,NA,NA,4,NA,NA,4,0,0,17,17,13,0,0,0,0
283,20260922,1,1,0,2,6,6,2,6,6,4,0,17,17,11,72,4369,0,4369
284,20260922,1,1,0,3,8,8,3,8,8,4,0,17,17,9,3150,9010,2637,9010
285,20260922,0,0,0,NA,NA,4,NA,NA,4,0,0,17,17,13,0,0,0,0
286,20260922,0,0,0,NA,NA,4,NA,NA,4,0,0,17,17,13,0,0,0,0
287,20260922,0,0,0,3,NA,7,3,NA,7,1,0,17,17,10,6,1,0,0
288,20260922,1,1,0,1,4,4,1,4,4,4,0,17,17,13,2124,4913,0,17476
289,20260922,1,1,0,3,12,12,3,12,12,4,0,17,17,5,3294,4369,3294,4369
290,20260922,0,0,0,NA,NA,4,NA,NA,4,0,0,17,17,13,0,0,0,0
291,20260922,0,0,0,NA,NA,4,NA,NA,4,0,0,17,17,13,0,0,0,0
292,20260922,0,0,0,NA,NA,4,NA,NA,4,0,0,17,17,13,0,0,0,0
293,20260922,1,1,0,1,4,4,1,4,4,4,0,17,17,13,2124,4369,0,4369
294,20260922,1,1,0,1,4,4,1,4,4,4,0,17,17,13,2124,4369,0,4369
295,20260922,1,1,0,1,4,4,1,4,4,4,0,17,17,13,2124,4369,0,4369
296,20260922,0,0,0,NA,NA,4,NA,NA,4,0,0,17,17,13,0,0,0,0
297,20260922,1,1,0,1,4,4,1,4,4,4,0,17,17,13,2124,4369,0,4369
298,20260922,0,0,0,NA,NA,4,NA,NA,4,0,0,17,17,13,0,0,0,0
299,20260922,1,1,0,2,6,6,2,6,6,4,0,17,17,11,72,17204,0,17476
300,20260922,1,1,0,1,6,6,1,6,6,4,0,17,17,11,2052,5185,0,17476
301,20260922,1,1,0,1,4,4,1,4,4,4,0,17,17,13,2124,4369,0,4369
302,20260922,0,0,0,3,NA,7,3,NA,7,1,0,17,17,10,6,1,0,0
303,20260922,1,1,0,1,4,4,1,4,4,4,0,17,17,13,2124,4369,0,4369
304,20260922,0,0,0,NA,NA,4,NA,NA,4,0,0,17,17,13,0,0,0,0
305,20260922,1,1,0,2,8,8,2,8,8,4,0,17,17,9,0,8738,0,8738
306,20260922,0,0,0,NA,NA,4,NA,NA,4,0,0,17,17,13,0,0,0,0
307,20260922,1,1,0,2,6,6,2,6,6,4,0,17,17,11,72,21301,0,21845
308,20260922,0,0,0,NA,NA,4,NA,NA,4,0,0,17,17,13,0,0,0,0
309,20260922,0,0,0,4,NA,8,4,NA,8,1,0,17,17,9,5,3,0,0
310,20260922,0,0,0,NA,NA,4,NA,NA,4,0,0,17,17,13,0,0,0,0
311,20260922,1,1,0,1,4,4,1,4,4,4,0,17,17,13,2124,4369,0,4369
312,20260922,0,0,0,NA,NA,4,NA,NA,4,0,0,17,17,13,0,0,0,0
313,20260922,0,0,0,3,NA,7,3,NA,7,1,0,17,17,10,6,1,0,0
314,20260922,1,1,0,2,6,6,2,6,6,4,0,17,17,11,72,4369,0,4369
315,20260922,1,1,0,2,6,6,2,6,6,4,0,17,17,11,72,8738,0,8738
316,20260922,0,0,0,NA,NA,4,NA,NA,4,0,0,17,17,13,0,0,0,0
317,20260922,0,0,0,NA,NA,4,NA,NA,4,0,0,17,17,13,0,0,0,0
318,20260922,1,1,0,3,12,12,3,12,12,4,0,17,17,5,3294,4369,3294,4369
319,20260922,0,0,0,NA,NA,4,NA,NA,4,0,0,17,17,13,0,0,0,0
320,20260922,1,1,0,1,4,4,1,4,4,4,0,17,17,13,2124,4369,0,4369
321,20260922,1,1,0,2,6,6,2,6,6,4,0,17,17,11,72,4369,0,4369
322,20260922,1,1,0,1,4,4,1,4,4,4,0,17,17,13,2124,4369,0,4369
323,20260922,0,0,0,NA,NA,4,NA,NA,4,0,0,17,17,13,0,0,0,0
324,20260922,1,1,0,1,4,4,1,4,4,4,0,17,17,13,2124,4369,0,4369
325,20260922,1,1,0,1,4,4,1,4,4,4,0,17,17,13,2124,4369,0,4369
326,20260922,1,1,0,1,4,4,1,4,4,4,0,17,17,13,2124,12563,0,4369
327,20260922,1,1,0,1,4,4,1,4,4,4,0,17,17,13,2124,4913,0,17476
328,20260922,0,0,0,NA,NA,4,NA,NA,4,0,0,17,17,13,0,0,0,0
329,20260922,0,0,0,NA,NA,4,NA,NA,4,0,0,17,17,13,0,0,0,0
330,20260922,0,0,0,NA,NA,4,NA,NA,4,0,0,17,17,13,0,0,0,0
331,20260922,0,0,0,NA,NA,4,NA,NA,4,0,0,17,17,13,0,0,0,0
332,20260922,0,0,0,NA,NA,4,NA,NA,4,0,0,17,17,13,0,0,0,0
333,20260922,1,1,0,1,6,6,1,6,6,4,0,17,17,11,2052,5185,0,17476
334,20260922,0,0,0,NA,NA,4,NA,NA,4,0,0,17,17,13,0,0,0,0
335,20260922,1,1,0,1,6,6,1,6,6,4,0,17,17,11,2052,8466,0,4369
336,20260922,1,1,0,2,6,6,2,6,6,4,0,17,17,11,72,4369,0,4369
337,20260922,0,0,0,NA,NA,4,NA,NA,4,0,0,17,17,13,0,0,0,0
338,20260922,1,1,0,2,6,6,2,6,6,4,0,17,17,11,72,4369,0,4369
339,20260922,1,1,0,2,6,6,2,6,6,4,0,17,17,11,72,4369,0,4369
340,20260922,1,1,0,1,4,4,1,4,4,4,0,17,17,13,2124,4369,0,4369
341,20260922,0,0,0,NA,NA,4,NA,NA,4,0,0,17,17,13,0,0,0,0
342,20260922,0,0,0,3,NA,7,3,NA,7,1,0,17,17,10,6,1,0,0
343,20260922,1,1,0,1,6,6,1,6,6,4,0,17,17,11,2052,5729,0,26214
344,20260922,0,0,0,NA,NA,4,NA,NA,4,0,0,17,17,13,0,0,0,0
345,20260922,0,0,0,NA,NA,4,NA,NA,4,0,0,17,17,13,0,0,0,0
346,20260922,1,1,0,1,4,4,1,4,4,4,0,17,17,13,2124,12563,0,4369
347,20260922,1,1,0,1,4,4,1,4,4,4,0,17,17,13,2124,4369,0,4369
348,20260922,0,0,0,NA,NA,4,NA,NA,4,0,0,17,17,13,0,0,0,0
349,20260922,0,0,0,NA,NA,4,NA,NA,4,0,0,17,17,13,0,0,0,0
350,20260922,1,1,0,1,4,4,1,4,4,4,0,17,17,13,2124,4369,0,4369
351,20260922,1,1,0,1,4,4,1,4,4,4,0,17,17,13,2124,4369,0,4369
352,20260922,0,0,0,NA,NA,4,NA,NA,4,0,0,17,17,13,0,0,0,0
353,20260922,0,0,0,NA,NA,4,NA,NA,4,0,0,17,17,13,0,0,0,0
354,20260922,1,1,0,1,4,4,1,4,4,4,0,17,17,13,2124,4369,0,4369
355,20260922,0,0,0,3,NA,7,3,NA,7,1,0,17,17,10,6,2,0,0
356,20260922,1,1,0,1,6,6,1,6,6,4,0,17,17,11,2052,9554,0,21845
357,20260922,1,1,0,1,4,4,1,4,4,4,0,17,17,13,2124,4369,0,4369
358,20260922,1,1,0,1,6,6,1,6,6,4,0,17,17,11,2052,5729,0,26214
359,20260922,1,1,0,1,6,6,1,6,6,4,0,17,17,11,2052,5729,0,26214
360,20260922,0,0,0,4,NA,8,4,NA,8,1,0,17,17,9,5,3,0,0
361,20260922,0,0,0,3,NA,7,3,NA,7,1,0,17,17,10,6,1,0,0
362,20260922,1,1,0,2,6,6,2,6,6,4,0,17,17,11,72,4369,0,4369
363,20260922,1,1,0,1,4,4,1,4,4,4,0,17,17,13,2124,4369,0,4369
364,20260922,0,0,0,NA,NA,4,NA,NA,4,0,0,17,17,13,0,0,0,0
365,20260922,1,1,0,1,6,6,1,6,6,4,0,17,17,11,2052,5729,0,26214
366,20260922,0,0,0,NA,NA,4,NA,NA,4,0,0,17,17,13,0,0,0,0
367,20260922,0,0,0,4,NA,8,4,NA,8,1,0,17,17,9,5,2,0,0
368,20260922,0,0,0,NA,NA,4,NA,NA,4,0,0,17,17,13,0,0,0,0
369,20260922,1,1,0,1,4,4,1,4,4,4,0,17,17,13,2124,4369,0,4369
370,20260922,1,1,0,1,4,4,1,4,4,4,0,17,17,13,2124,4369,0,4369
371,20260922,0,0,0,NA,NA,4,NA,NA,4,0,0,17,17,13,0,0,0,0
372,20260922,0,0,0,3,NA,7,3,NA,7,1,0,17,17,10,6,1,0,0
373,20260922,0,0,0,3,NA,7,3,NA,7,1,0,17,17,10,6,1,0,0
374,20260922,1,1,0,1,4,4,1,4,4,4,0,17,17,13,2124,4369,0,4369
375,20260922,1,1,0,2,6,6,2,6,6,4,0,17,17,11,72,4369,0,4369
376,20260922,1,1,0,2,6,6,2,6,6,4,0,17,17,11,72,4369,0,4369
377,20260922,0,0,0,NA,NA,4,NA,NA,4,0,0,17,17,13,0,0,0,0
378,20260922,0,0,0,NA,NA,4,NA,NA,4,0,0,17,17,13,0,0,0,0
379,20260922,1,1,0,1,4,4,1,4,4,4,0,17,17,13,2124,4369,0,4369
380,20260922,0,0,0,4,NA,8,4,NA,8,1,0,17,17,9,5,10,0,0
381,20260922,0,0,0,NA,NA,4,NA,NA,4,0,0,17,17,13,0,0,0,0
382,20260922,0,0,0,NA,NA,4,NA,NA,4,0,0,17,17,13,0,0,0,0
383,20260922,1,1,0,3,12,12,3,12,12,4,0,17,17,5,3294,4369,3294,4369
384,20260922,0,0,0,4,NA,8,4,NA,8,1,0,17,17,9,5,10,0,0
385,20260922,1,1,0,1,6,6,1,6,6,4,0,17,17,11,2052,5729,0,26214
386,20260922,0,0,0,NA,NA,4,NA,NA,4,0,0,17,17,13,0,0,0,0
387,20260922,1,1,0,1,4,4,1,4,4,4,0,17,17,13,2124,4369,0,4369
388,20260922,1,1,0,1,6,6,1,6,6,4,0,17,17,11,2052,5729,0,26214
389,20260922,0,0,0,NA,NA,4,NA,NA,4,0,0,17,17,13,0,0,0,0
390,20260922,0,0,0,NA,NA,4,NA,NA,4,0,0,17,17,13,0,0,0,0
391,20260922,0,0,0,3,NA,7,3,NA,7,1,0,17,17,10,6,1,0,0
392,20260922,0,0,0,NA,NA,4,NA,NA,4,0,0,17,17,13,0,0,0,0
393,20260922,0,0,0,NA,NA,4,NA,NA,4,0,0,17,17,13,0,0,0,0
394,20260922,1,1,0,1,4,4,1,4,4,4,0,17,17,13,2124,4369,0,4369
395,20260922,0,0,0,NA,NA,4,NA,NA,4,0,0,17,17,13,0,0,0,0
396,20260922,0,0,0,NA,NA,4,NA,NA,4,0,0,17,17,13,0,0,0,0
397,20260922,0,0,0,4,NA,11,4,NA,11,2,0,17,17,6,29,23,0,0
398,20260922,0,0,0,NA,NA,4,NA,NA,4,0,0,17,17,13,0,0,0,0
399,20260922,0,0,0,NA,NA,4,NA,NA,4,0,0,17,17,13,0,0,0,0
400,20260922,0,0,0,3,NA,7,3,NA,7,1,0,17,17,10,6,1,0,0
401,20260922,1,1,0,2,6,6,2,6,6,4,0,17,17,11,72,4369,0,4369
402,20260922,1,1,0,2,6,6,2,6,6,4,0,17,17,11,72,4369,0,4369
403,20260922,1,1,0,1,4,4,1,4,4,4,0,17,17,13,2124,4369,0,4369
404,20260922,1,1,0,1,4,4,1,4,4,4,0,17,17,13,2124,4369,0,4369
405,20260922,1,1,0,1,4,4,1,4,4,4,0,17,17,13,2124,4369,0,4369
406,20260922,0,0,0,NA,NA,4,NA,NA,4,0,0,17,17,13,0,0,0,0
407,20260922,1,1,0,3,12,12,3,12,12,4,0,17,17,5,3294,4369,3294,4369
408,20260922,1,1,0,3,12,12,3,12,12,4,0,17,17,5,3294,4369,3294,4369
409,20260922,1,1,0,3,12,12,3,12,12,4,0,17,17,5,3294,8466,3294,8466
410,20260922,1,1,0,1,4,4,1,4,4,4,0,17,17,13,2124,4369,0,4369
411,20260922,1,1,0,1,6,6,1,6,6,4,0,17,17,11,2052,5185,0,17476
412,20260922,0,0,0,NA,NA,4,NA,NA,4,0,0,17,17,13,0,0,0,0
413,20260922,0,0,0,NA,NA,4,NA,NA,4,0,0,17,17,13,0,0,0,0
414,20260922,0,0,0,NA,NA,4,NA,NA,4,0,0,17,17,13,0,0,0,0
415,20260922,1,1,0,1,4,4,1,4,4,4,0,17,17,13,2124,4369,0,4369
416,20260922,0,0,0,NA,NA,4,NA,NA,4,0,0,17,17,13,0,0,0,0
417,20260922,0,0,0,NA,NA,4,NA,NA,4,0,0,17,17,13,0,0,0,0
418,20260922,1,1,0,1,4,4,1,4,4,4,0,17,17,13,2124,12563,0,4369
419,20260922,0,0,0,3,NA,7,3,NA,7,1,0,17,17,10,6,1,0,0
420,20260922,0,0,0,3,NA,7,3,NA,7,1,0,17,17,10,6,1,0,0
421,20260922,0,0,0,NA,NA,4,NA,NA,4,0,0,17,17,13,0,0,0,0
422,20260922,1,1,0,1,6,6,1,6,6,4,0,17,17,11,2052,5729,0,26214
423,20260922,1,1,0,1,6,6,1,6,6,4,0,17,17,11,2052,5729,0,26214
424,20260922,0,0,0,NA,NA,4,NA,NA,4,0,0,17,17,13,0,0,0,0
425,20260922,0,0,0,NA,NA,4,NA,NA,4,0,0,17,17,13,0,0,0,0
426,20260922,0,0,0,3,NA,7,3,NA,7,1,0,17,17,10,6,1,0,0
427,20260922,1,1,0,1,4,4,1,4,4,4,0,17,17,13,2124,4913,0,17476
428,20260922,0,0,0,4,NA,8,4,NA,8,1,0,17,17,9,5,9,0,0
429,20260922,0,0,0,NA,NA,4,NA,NA,4,0,0,17,17,13,0,0,0,0
430,20260922,0,0,0,3,NA,7,3,NA,7,1,0,17,17,10,6,1,0,0
431,20260922,0,0,0,4,NA,11,4,NA,11,2,0,17,17,6,29,25,0,0
432,20260922,1,1,0,1,4,4,1,4,4,4,0,17,17,13,2124,4369,0,4369
433,20260922,1,1,0,3,12,12,3,12,12,4,0,17,17,5,3294,4369,3294,4369
434,20260922,1,1,0,1,4,4,1,4,4,4,0,17,17,13,2124,4369,0,4369
435,20260922,0,0,0,NA,NA,4,NA,NA,4,0,0,17,17,13,0,0,0,0
436,20260922,1,1,0,1,4,4,1,4,4,4,0,17,17,13,2124,4369,0,4369
437,20260922,0,0,0,4,NA,11,4,NA,11,2,0,17,17,6,29,66,0,0
438,20260922,1,1,0,1,6,6,1,6,6,4,0,17,17,11,2052,5729,0,26214
439,20260922,1,1,0,1,4,4,1,4,4,4,0,17,17,13,2124,4369,0,4369
440,20260922,0,0,0,3,NA,7,3,NA,7,1,0,17,17,10,6,1,0,0
441,20260922,0,0,0,NA,NA,4,NA,NA,4,0,0,17,17,13,0,0,0,0
442,20260922,0,0,0,NA,NA,4,NA,NA,4,0,0,17,17,13,0,0,0,0
443,20260922,1,1,0,2,6,6,2,6,6,4,0,17,17,11,72,4369,0,4369
444,20260922,0,0,0,NA,NA,4,NA,NA,4,0,0,17,17,13,0,0,0,0
445,20260922,1,1,0,1,4,4,1,4,4,4,0,17,17,13,2124,12563,0,4369
446,20260922,1,1,0,1,4,4,1,4,4,4,0,17,17,13,2124,4369,0,4369
447,20260922,1,1,0,1,4,4,1,4,4,4,0,17,17,13,2124,9010,0,17476
448,20260922,0,0,0,NA,NA,4,NA,NA,4,0,0,17,17,13,0,0,0,0
449,20260922,0,0,0,NA,NA,4,NA,NA,4,0,0,17,17,13,0,0,0,0
450,20260922,0,0,0,NA,NA,4,NA,NA,4,0,0,17,17,13,0,0,0,0
451,20260922,0,0,0,3,NA,7,3,NA,7,1,0,17,17,10,6,1,0,0
452,20260922,1,1,0,1,4,4,1,4,4,4,0,17,17,13,2124,4369,0,4369
453,20260922,1,1,0,1,4,4,1,4,4,4,0,17,17,13,2124,4369,0,4369
454,20260922,1,1,0,1,4,4,1,4,4,4,0,17,17,13,2124,4369,0,4369
455,20260922,0,0,0,NA,NA,4,NA,NA,4,0,0,17,17,13,0,0,0,0
456,20260922,1,1,0,1,4,4,1,4,4,4,0,17,17,13,2124,4913,0,17476
457,20260922,1,1,0,1,6,6,1,6,6,4,0,17,17,11,2052,5185,0,17476
458,20260922,1,1,0,1,4,4,1,4,4,4,0,17,17,13,2124,4369,0,4369
459,20260922,0,0,0,3,NA,7,3,NA,7,1,0,17,17,10,6,1,0,0
460,20260922,0,0,0,NA,NA,4,NA,NA,4,0,0,17,17,13,0,0,0,0
461,20260922,0,0,0,3,NA,7,3,NA,7,1,0,17,17,10,6,1,0,0
462,20260922,1,1,0,2,6,6,2,6,6,4,0,17,17,11,72,17204,0,17476
463,20260922,1,1,0,2,6,6,2,6,6,4,0,17,17,11,72,4369,0,4369
464,20260922,0,0,0,NA,NA,4,NA,NA,4,0,0,17,17,13,0,0,0,0
465,20260922,0,0,0,NA,NA,4,NA,NA,4,0,0,17,17,13,0,0,0,0
466,20260922,0,0,0,3,NA,7,3,NA,7,1,0,17,17,10,6,4,0,0
467,20260922,1,1,0,1,4,4,1,4,4,4,0,17,17,13,2124,12563,0,4369
468,20260922,1,1,0,1,4,4,1,4,4,4,0,17,17,13,2124,12835,0,8738
469,20260922,1,1,0,1,4,4,1,4,4,4,0,17,17,13,2124,4369,0,4369
470,20260922,0,0,0,NA,NA,4,NA,NA,4,0,0,17,17,13,0,0,0,0
471,20260922,1,1,0,1,4,4,1,4,4,4,0,17,17,13,2124,4369,0,4369
472,20260922,1,1,0,1,4,4,1,4,4,4,0,17,17,13,2124,4369,0,4369
473,20260922,1,1,0,1,4,4,1,4,4,4,0,17,17,13,2124,4369,0,4369
474,20260922,0,0,0,NA,NA,4,NA,NA,4,0,0,17,17,13,0,0,0,0
475,20260922,0,0,0,NA,NA,4,NA,NA,4,0,0,17,17,13,0,0,0,0
476,20260922,1,1,0,1,4,4,1,4,4,4,0,17,17,13,2124,4369,0,4369
477,20260922,0,0,0,NA,NA,4,NA,NA,4,0,0,17,17,13,0,0,0,0
478,20260922,1,1,0,3,12,12,3,12,12,4,0,17,17,5,3294,4369,3294,4369
479,20260922,1,1,0,3,12,12,3,12,12,4,0,17,17,5,3294,4369,3294,4369
480,20260922,1,1,0,1,4,4,1,4,4,4,0,17,17,13,2124,4913,0,17476
481,20260922,1,1,0,4,10,10,4,10,10,4,0,17,17,7,2637,25398,2637,25398
482,20260922,0,0,0,3,NA,7,3,NA,7,1,0,17,17,10,6,1,0,0
483,20260922,0,0,0,3,NA,7,3,NA,7,1,0,17,17,10,6,1,0,0
484,20260922,1,1,0,1,6,6,1,6,6,4,0,17,17,11,2052,5729,0,26214
485,20260922,1,1,0,1,4,4,1,4,4,4,0,17,17,13,2124,4369,0,4369
486,20260922,0,0,0,NA,NA,4,NA,NA,4,0,0,17,17,13,0,0,0,0
487,20260922,1,1,0,1,4,4,1,4,4,4,0,17,17,13,2124,4369,0,4369
488,20260922,1,1,0,1,6,6,1,6,6,4,0,17,17,11,2052,5729,0,26214
489,20260922,1,1,0,1,4,4,1,4,4,4,0,17,17,13,2124,4369,0,4369
490,20260922,0,0,0,3,NA,7,3,NA,7,1,0,17,17,10,6,1,0,0
491,20260922,1,1,0,3,12,12,3,12,12,4,0,17,17,5,3294,16932,3294,16932
492,20260922,0,0,0,NA,NA,4,NA,NA,4,0,0,17,17,13,0,0,0,0
493,20260922,0,0,0,NA,NA,4,NA,NA,4,0,0,17,17,13,0,0,0,0
494,20260922,1,1,0,1,4,4,1,4,4,4,0,17,17,13,2124,4369,0,4369
495,20260922,0,0,0,NA,NA,4,NA,NA,4,0,0,17,17,13,0,0,0,0
496,20260922,0,0,0,NA,NA,4,NA,NA,4,0,0,17,17,13,0,0,0,0
497,20260922,0,0,0,NA,NA,4,NA,NA,4,0,0,17,17,13,0,0,0,0
498,20260922,1,1,0,2,8,8,2,8,8,4,0,17,17,9,0,4369,0,4369
499,20260922,0,0,0,NA,NA,4,NA,NA,4,0,0,17,17,13,0,0,0,0
500,20260922,1,1,0,1,4,4,1,4,4,4,0,17,17,13,2124,4369,0,4369
501,20260922,0,0,0,3,NA,7,3,NA,7,1,0,17,17,10,6,1,0,0
502,20260922,1,1,0,3,12,12,3,12,12,4,0,17,17,5,3294,4369,3294,4369
503,20260922,0,0,0,NA,NA,4,NA,NA,4,0,0,17,17,13,0,0,0,0
504,20260922,0,0,0,3,NA,7,3,NA,7,1,0,17,17,10,6,1,0,0
505,20260922,1,1,0,1,4,4,1,4,4,4,0,17,17,13,2124,4369,0,4369
506,20260922,1,1,0,2,6,6,2,6,6,4,0,17,17,11,72,4369,0,4369
507,20260922,1,1,0,1,4,4,1,4,4,4,0,17,17,13,2124,4369,0,4369
508,20260922,1,1,0,3,12,12,3,12,12,4,0,17,17,5,3294,12835,3294,12835
509,20260922,1,1,0,2,8,8,2,8,8,4,0,17,17,9,0,26214,0,26214
510,20260922,1,1,0,1,4,4,1,4,4,4,0,17,17,13,2124,4369,0,4369
511,20260922,1,1,0,1,6,6,1,6,6,4,0,17,17,11,2052,9554,0,21845
512,20260922,0,0,0,NA,NA,4,NA,NA,4,0,0,17,17,13,0,0,0,0
513,20260922,0,0,0,3,NA,7,3,NA,7,1,0,17,17,10,6,1,0,0
514,20260922,1,1,0,1,4,4,1,4,4,4,0,17,17,13,2124,4369,0,4369
515,20260922,1,1,0,1,4,4,1,4,4,4,0,17,17,13,2124,4369,0,4369
516,20260922,1,1,0,1,6,6,1,6,6,4,0,17,17,11,2052,5729,0,26214
517,20260922,1,1,0,1,4,4,1,4,4,4,0,17,17,13,2124,4369,0,4369
518,20260922,1,1,0,1,4,4,1,4,4,4,0,17,17,13,2124,4913,0,17476
519,20260922,0,0,0,3,NA,7,3,NA,7,1,0,17,17,10,6,1,0,0
520,20260922,1,1,0,1,4,4,1,4,4,4,0,17,17,13,2124,12563,0,4369
521,20260922,1,1,0,1,4,4,1,4,4,4,0,17,17,13,2124,12563,0,4369
522,20260922,0,0,0,NA,NA,4,NA,NA,4,0,0,17,17,13,0,0,0,0
523,20260922,0,0,0,NA,NA,4,NA,NA,4,0,0,17,17,13,0,0,0,0
524,20260922,0,0,0,NA,NA,4,NA,NA,4,0,0,17,17,13,0,0,0,0
525,20260922,0,0,0,NA,NA,4,NA,NA,4,0,0,17,17,13,0,0,0,0
526,20260922,1,1,0,1,4,4,1,4,4,4,0,17,17,13,2124,4369,0,4369
527,20260922,0,0,0,3,NA,7,3,NA,7,1,0,17,17,10,6,1,0,0
528,20260922,0,0,0,NA,NA,4,NA,NA,4,0,0,17,17,13,0,0,0,0
529,20260922,1,1,0,1,4,4,1,4,4,4,0,17,17,13,2124,4369,0,4369
530,20260922,1,1,0,1,4,4,1,4,4,4,0,17,17,13,2124,4369,0,4369
531,20260922,0,0,0,NA,NA,4,NA,NA,4,0,0,17,17,13,0,0,0,0
532,20260922,0,0,0,NA,NA,4,NA,NA,4,0,0,17,17,13,0,0,0,0
533,20260922,1,1,0,1,4,4,1,4,4,4,0,17,17,13,2124,4369,0,4369
534,20260922,0,0,0,NA,NA,4,NA,NA,4,0,0,17,17,13,0,0,0,0
535,20260922,0,0,0,NA,NA,4,NA,NA,4,0,0,17,17,13,0,0,0,0
536,20260922,0,0,0,NA,NA,4,NA,NA,4,0,0,17,17,13,0,0,0,0
537,20260922,0,0,0,3,NA,7,3,NA,7,1,0,17,17,10,6,1,0,0
538,20260922,0,0,0,NA,NA,4,NA,NA,4,0,0,17,17,13,0,0,0,0
539,20260922,0,0,0,NA,NA,4,NA,NA,4,0,0,17,17,13,0,0,0,0
540,20260922,0,0,0,NA,NA,4,NA,NA,4,0,0,17,17,13,0,0,0,0
541,20260922,1,1,0,1,6,6,1,6,6,4,0,17,17,11,2052,5729,0,26214
542,20260922,0,0,0,4,NA,8,4,NA,8,1,0,17,17,9,5,4,0,0
543,20260922,0,0,0,4,NA,8,4,NA,8,1,0,17,17,9,5,7,0,0
544,20260922,1,1,0,1,4,4,1,4,4,4,0,17,17,13,2124,4913,0,17476
545,20260922,0,0,0,3,NA,7,3,NA,7,1,0,17,17,10,6,1,0,0
546,20260922,1,1,0,1,6,6,1,6,6,4,0,17,17,11,2052,5185,0,17476
547,20260922,1,1,0,1,4,4,1,4,4,4,0,17,17,13,2124,4369,0,4369
548,20260922,1,1,0,3,12,12,3,12,12,4,0,17,17,5,3294,4369,3294,4369
549,20260922,1,1,0,3,12,12,3,12,12,4,0,17,17,5,3294,4369,3294,4369
550,20260922,1,1,0,2,6,6,2,6,6,4,0,17,17,11,72,4369,0,4369
551,20260922,0,0,0,NA,NA,4,NA,NA,4,0,0,17,17,13,0,0,0,0
552,20260922,0,0,0,NA,NA,4,NA,NA,4,0,0,17,17,13,0,0,0,0
553,20260922,0,0,0,4,NA,8,4,NA,8,1,0,17,17,9,5,3,0,0
554,20260922,1,1,0,1,4,4,1,4,4,4,0,17,17,13,2124,4369,0,4369
555,20260922,1,1,0,1,6,6,1,6,6,4,0,17,17,11,2052,5185,0,17476
556,20260922,0,0,0,NA,NA,4,NA,NA,4,0,0,17,17,13,0,0,0,0
557,20260922,0,0,0,3,NA,7,3,NA,7,1,0,17,17,10,6,1,0,0
558,20260922,1,1,0,1,4,4,1,4,4,4,0,17,17,13,2124,4369,0,4369
559,20260922,0,0,0,NA,NA,4,NA,NA,4,0,0,17,17,13,0,0,0,0
560,20260922,0,0,0,3,NA,7,3,NA,7,1,0,17,17,10,6,1,0,0
561,20260922,1,1,0,1,6,6,1,6,6,4,0,17,17,11,2052,5729,0,26214
562,20260922,1,1,0,3,12,12,3,12,12,4,0,17,17,5,3294,16660,3294,16660
563,20260922,0,0,0,3,NA,7,3,NA,7,1,0,17,17,10,6,1,0,0
564,20260922,0,0,0,NA,NA,4,NA,NA,4,0,0,17,17,13,0,0,0,0
565,20260922,0,0,0,NA,NA,4,NA,NA,4,0,0,17,17,13,0,0,0,0
566,20260922,0,0,0,NA,NA,4,NA,NA,4,0,0,17,17,13,0,0,0,0
567,20260922,0,0,0,NA,NA,4,NA,NA,4,0,0,17,17,13,0,0,0,0
568,20260922,0,0,0,NA,NA,4,NA,NA,4,0,0,17,17,13,0,0,0,0
569,20260922,1,1,0,1,6,6,1,6,6,4,0,17,17,11,2052,5729,0,26214
570,20260922,1,1,0,1,4,4,1,4,4,4,0,17,17,13,2124,12563,0,4369
571,20260922,0,0,0,NA,NA,4,NA,NA,4,0,0,17,17,13,0,0,0,0
572,20260922,0,0,0,NA,NA,4,NA,NA,4,0,0,17,17,13,0,0,0,0
573,20260922,1,1,0,1,4,4,1,4,4,4,0,17,17,13,2124,4369,0,4369
574,20260922,1,1,0,2,8,8,2,8,8,4,0,17,17,9,0,21845,0,21845
575,20260922,1,1,0,1,6,6,1,6,6,4,0,17,17,11,2052,5185,0,17476
576,20260922,0,0,0,NA,NA,4,NA,NA,4,0,0,17,17,13,0,0,0,0
577,20260922,0,0,0,NA,NA,4,NA,NA,4,0,0,17,17,13,0,0,0,0
578,20260922,1,1,0,1,4,4,1,4,4,4,0,17,17,13,2124,12563,0,4369
579,20260922,1,1,0,1,4,4,1,4,4,4,0,17,17,13,2124,4369,0,4369
580,20260922,0,0,0,NA,NA,4,NA,NA,4,0,0,17,17,13,0,0,0,0
581,20260922,0,0,0,NA,NA,4,NA,NA,4,0,0,17,17,13,0,0,0,0
582,20260922,1,1,0,1,4,4,1,4,4,4,0,17,17,13,2124,4369,0,4369
583,20260922,0,0,0,NA,NA,4,NA,NA,4,0,0,17,17,13,0,0,0,0
584,20260922,0,0,0,3,NA,7,3,NA,7,1,0,17,17,10,6,1,0,0
585,20260922,0,0,0,NA,NA,4,NA,NA,4,0,0,17,17,13,0,0,0,0
586,20260922,0,0,0,NA,NA,4,NA,NA,4,0,0,17,17,13,0,0,0,0
587,20260922,1,1,0,1,4,4,1,4,4,4,0,17,17,13,2124,4369,0,4369
588,20260922,1,1,0,1,4,4,1,4,4,4,0,17,17,13,2124,4369,0,4369
589,20260922,1,1,0,2,6,6,2,6,6,4,0,17,17,11,72,8738,0,8738
590,20260922,0,0,0,4,NA,8,4,NA,8,1,0,17,17,9,5,9,0,0
591,20260922,0,0,0,NA,NA,4,NA,NA,4,0,0,17,17,13,0,0,0,0
592,20260922,0,0,0,NA,NA,4,NA,NA,4,0,0,17,17,13,0,0,0,0
593,20260922,1,1,0,1,4,4,1,4,4,4,0,17,17,13,2124,4369,0,4369
594,20260922,0,0,0,3,NA,7,3,NA,7,1,0,17,17,10,6,1,0,0
595,20260922,1,1,0,1,6,6,1,6,6,4,0,17,17,11,2052,5729,0,26214
596,20260922,0,0,0,4,NA,8,4,NA,8,1,0,17,17,9,5,2,0,0
597,20260922,1,1,0,1,4,4,1,4,4,4,0,17,17,13,2124,4369,0,4369
598,20260922,0,0,0,NA,NA,4,NA,NA,4,0,0,17,17,13,0,0,0,0
599,20260922,0,0,0,NA,NA,4,NA,NA,4,0,0,17,17,13,0,0,0,0
600,20260922,0,0,0,NA,NA,4,NA,NA,4,0,0,17,17,13,0,0,0,0
601,20260922,1,1,0,3,12,12,3,12,12,4,0,17,17,5,3294,4369,3294,4369
602,20260922,1,1,0,1,6,6,1,6,6,4,0,17,17,11,2052,8466,0,4369
603,20260922,1,1,0,1,4,4,1,4,4,4,0,17,17,13,2124,4369,0,4369
604,20260922,0,0,0,NA,NA,4,NA,NA,4,0,0,17,17,13,0,0,0,0
605,20260922,1,1,0,1,4,4,1,4,4,4,0,17,17,13,2124,4369,0,4369
606,20260922,0,0,0,NA,NA,4,NA,NA,4,0,0,17,17,13,0,0,0,0
607,20260922,0,0,0,NA,NA,4,NA,NA,4,0,0,17,17,13,0,0,0,0
608,20260922,0,0,0,NA,NA,4,NA,NA,4,0,0,17,17,13,0,0,0,0
609,20260922,0,0,0,NA,NA,4,NA,NA,4,0,0,17,17,13,0,0,0,0
610,20260922,1,1,0,3,12,12,3,12,12,4,0,17,17,5,3294,4369,3294,4369
611,20260922,0,0,0,NA,NA,4,NA,NA,4,0,0,17,17,13,0,0,0,0
612,20260922,0,0,0,NA,NA,4,NA,NA,4,0,0,17,17,13,0,0,0,0
613,20260922,0,0,0,4,NA,8,4,NA,8,1,0,17,17,9,5,2,0,0
614,20260922,0,0,0,NA,NA,4,NA,NA,4,0,0,17,17,13,0,0,0,0
615,20260922,0,0,0,3,NA,7,3,NA,7,1,0,17,17,10,6,1,0,0
616,20260922,1,1,0,1,4,4,1,4,4,4,0,17,17,13,2124,4369,0,4369
617,20260922,1,1,0,1,6,6,1,6,6,4,0,17,17,11,2052,9282,0,17476
618,20260922,0,0,0,NA,NA,4,NA,NA,4,0,0,17,17,13,0,0,0,0
619,20260922,1,1,0,1,4,4,1,4,4,4,0,17,17,13,2124,4369,0,4369
620,20260922,0,0,0,NA,NA,4,NA,NA,4,0,0,17,17,13,0,0,0,0
621,20260922,0,0,0,NA,NA,4,NA,NA,4,0,0,17,17,13,0,0,0,0
622,20260922,1,1,0,1,4,4,1,4,4,4,0,17,17,13,2124,4369,0,4369
623,20260922,0,0,0,NA,NA,4,NA,NA,4,0,0,17,17,13,0,0,0,0
624,20260922,0,0,0,4,NA,8,4,NA,8,1,0,17,17,9,5,1,0,0
625,20260922,1,1,0,1,4,4,1,4,4,4,0,17,17,13,2124,4369,0,4369
626,20260922,0,0,0,NA,NA,4,NA,NA,4,0,0,17,17,13,0,0,0,0
627,20260922,0,0,0,NA,NA,4,NA,NA,4,0,0,17,17,13,0,0,0,0
628,20260922,1,1,0,2,6,6,2,6,6,4,0,17,17,11,72,17204,0,17476
629,20260922,1,1,0,1,4,4,1,4,4,4,0,17,17,13,2124,4369,0,4369
630,20260922,0,0,0,NA,NA,4,NA,NA,4,0,0,17,17,13,0,0,0,0
631,20260922,0,0,0,NA,NA,4,NA,NA,4,0,0,17,17,13,0,0,0,0
632,20260922,1,1,0,1,4,4,1,4,4,4,0,17,17,13,2124,4369,0,4369
633,20260922,1,1,0,1,4,4,1,4,4,4,0,17,17,13,2124,4369,0,4369
634,20260922,0,0,0,4,NA,8,4,NA,8,1,0,17,17,9,5,1,0,0
635,20260922,0,0,0,NA,NA,4,NA,NA,4,0,0,17,17,13,0,0,0,0
636,20260922,1,1,0,1,4,4,1,4,4,4,0,17,17,13,2124,4369,0,4369
637,20260922,1,1,0,1,4,4,1,4,4,4,0,17,17,13,2124,4369,0,4369
638,20260922,0,0,0,NA,NA,4,NA,NA,4,0,0,17,17,13,0,0,0,0
639,20260922,0,0,0,4,NA,8,4,NA,8,1,0,17,17,9,5,1,0,0
640,20260922,0,0,0,NA,NA,4,NA,NA,4,0,0,17,17,13,0,0,0,0
641,20260922,0,0,0,NA,NA,4,NA,NA,4,0,0,17,17,13,0,0,0,0
642,20260922,0,0,0,NA,NA,4,NA,NA,4,0,0,17,17,13,0,0,0,0
643,20260922,1,1,0,1,4,4,1,4,4,4,0,17,17,13,2124,4369,0,4369
644,20260922,0,0,0,NA,NA,4,NA,NA,4,0,0,17,17,13,0,0,0,0
645,20260922,1,1,0,2,8,8,2,8,8,4,0,17,17,9,0,13107,0,13107
646,20260922,1,1,0,3,12,12,3,12,12,4,0,17,17,5,3294,4369,3294,4369
647,20260922,1,1,0,1,6,6,1,6,6,4,0,17,17,11,2052,5729,0,26214
648,20260922,1,1,0,1,6,6,1,6,6,4,0,17,17,11,2052,5185,0,17476
649,20260922,0,0,0,NA,NA,4,NA,NA,4,0,0,17,17,13,0,0,0,0
650,20260922,0,0,0,NA,NA,4,NA,NA,4,0,0,17,17,13,0,0,0,0
651,20260922,1,1,0,1,4,4,1,4,4,4,0,17,17,13,2124,4369,0,4369
652,20260922,0,0,0,4,NA,8,4,NA,8,1,0,17,17,9,5,4,0,0
653,20260922,0,0,0,NA,NA,4,NA,NA,4,0,0,17,17,13,0,0,0,0
654,20260922,0,0,0,NA,NA,4,NA,NA,4,0,0,17,17,13,0,0,0,0
655,20260922,0,0,0,NA,NA,4,NA,NA,4,0,0,17,17,13,0,0,0,0
656,20260922,0,0,0,3,NA,7,3,NA,7,1,0,17,17,10,6,1,0,0
657,20260922,0,0,0,NA,NA,4,NA,NA,4,0,0,17,17,13,0,0,0,0
658,20260922,0,0,0,NA,NA,4,NA,NA,4,0,0,17,17,13,0,0,0,0
659,20260922,0,0,0,NA,NA,4,NA,NA,4,0,0,17,17,13,0,0,0,0
660,20260922,1,1,0,1,4,4,1,4,4,4,0,17,17,13,2124,4369,0,4369
661,20260922,0,0,0,4,NA,8,4,NA,8,1,0,17,17,9,5,1,0,0
662,20260922,1,1,0,1,4,4,1,4,4,4,0,17,17,13,2124,4369,0,4369
663,20260922,1,1,0,1,4,4,1,4,4,4,0,17,17,13,2124,4369,0,4369
664,20260922,1,1,0,1,4,4,1,4,4,4,0,17,17,13,2124,4913,0,17476
665,20260922,0,0,0,3,NA,7,3,NA,7,1,0,17,17,10,6,1,0,0
666,20260922,0,0,0,4,NA,8,4,NA,8,1,0,17,17,9,5,3,0,0
667,20260922,0,0,0,NA,NA,4,NA,NA,4,0,0,17,17,13,0,0,0,0
668,20260922,0,0,0,NA,NA,4,NA,NA,4,0,0,17,17,13,0,0,0,0
669,20260922,1,1,0,1,6,6,1,6,6,4,0,17,17,11,2052,5185,0,17476
670,20260922,1,1,0,1,4,4,1,4,4,4,0,17,17,13,2124,4913,0,26214
671,20260922,0,0,0,NA,NA,4,NA,NA,4,0,0,17,17,13,0,0,0,0
672,20260922,1,1,0,3,12,12,3,12,12,4,0,17,17,5,3294,12563,3294,12563
673,20260922,0,0,0,4,NA,8,4,NA,8,1,0,17,17,9,5,4,0,0
674,20260922,0,0,0,NA,NA,4,NA,NA,4,0,0,17,17,13,0,0,0,0
675,20260922,1,1,0,2,6,6,2,6,6,4,0,17,17,11,72,4369,0,4369
676,20260922,0,0,0,3,NA,7,3,NA,7,1,0,17,17,10,6,1,0,0
677,20260922,1,1,0,1,6,6,1,6,6,4,0,17,17,11,2052,5729,0,26214
678,20260922,0,0,0,NA,NA,4,NA,NA,4,0,0,17,17,13,0,0,0,0
679,20260922,0,0,0,NA,NA,4,NA,NA,4,0,0,17,17,13,0,0,0,0
680,20260922,0,0,0,NA,NA,4,NA,NA,4,0,0,17,17,13,0,0,0,0
681,20260922,0,0,0,NA,NA,4,NA,NA,4,0,0,17,17,13,0,0,0,0
682,20260922,0,0,0,3,NA,7,3,NA,7,1,0,17,17,10,6,1,0,0
683,20260922,1,1,0,1,6,6,1,6,6,4,0,17,17,11,2052,5185,0,17476
684,20260922,1,1,0,2,6,6,2,6,6,4,0,17,17,11,72,8738,0,8738
685,20260922,0,0,0,NA,NA,4,NA,NA,4,0,0,17,17,13,0,0,0,0
686,20260922,0,0,0,NA,NA,4,NA,NA,4,0,0,17,17,13,0,0,0,0
687,20260922,1,1,0,2,6,6,2,6,6,4,0,17,17,11,72,4369,0,4369
688,20260922,1,1,0,1,4,4,1,4,4,4,0,17,17,13,2124,12563,0,4369
689,20260922,0,0,0,3,NA,7,3,NA,7,1,0,17,17,10,6,1,0,0
690,20260922,1,1,0,1,4,4,1,4,4,4,0,17,17,13,2124,4369,0,4369
691,20260922,0,0,0,NA,NA,4,NA,NA,4,0,0,17,17,13,0,0,0,0
692,20260922,1,1,0,2,6,6,2,6,6,4,0,17,17,11,72,4369,0,4369
693,20260922,0,0,0,NA,NA,4,NA,NA,4,0,0,17,17,13,0,0,0,0
694,20260922,1,1,0,2,6,6,2,6,6,4,0,17,17,11,72,4369,0,4369
695,20260922,0,0,0,NA,NA,4,NA,NA,4,0,0,17,17,13,0,0,0,0
696,20260922,0,0,0,NA,NA,4,NA,NA,4,0,0,17,17,13,0,0,0,0
697,20260922,0,0,0,NA,NA,4,NA,NA,4,0,0,17,17,13,0,0,0,0
698,20260922,0,0,0,4,NA,8,4,NA,8,1,0,17,17,9,5,2,0,0
699,20260922,1,1,0,2,8,8,2,8,8,4,0,17,17,9,0,8738,0,8738
700,20260922,0,0,0,NA,NA,4,NA,NA,4,0,0,17,17,13,0,0,0,0
701,20260922,0,0,0,NA,NA,4,NA,NA,4,0,0,17,17,13,0,0,0,0
702,20260922,0,0,0,NA,NA,4,NA,NA,4,0,0,17,17,13,0,0,0,0
703,20260922,0,0,0,NA,NA,4,NA,NA,4,0,0,17,17,13,0,0,0,0
704,20260922,1,1,0,1,4,4,1,4,4,4,0,17,17,13,2124,4369,0,4369
705,20260922,1,1,0,2,6,6,2,6,6,4,0,17,17,11,72,4369,0,4369
706,20260922,0,0,0,NA,NA,4,NA,NA,4,0,0,17,17,13,0,0,0,0
707,20260922,1,1,0,1,4,4,1,4,4,4,0,17,17,13,2124,4369,0,4369
708,20260922,0,0,0,NA,NA,4,NA,NA,4,0,0,17,17,13,0,0,0,0
709,20260922,0,0,0,NA,NA,4,NA,NA,4,0,0,17,17,13,0,0,0,0
710,20260922,0,0,0,NA,NA,4,NA,NA,4,0,0,17,17,13,0,0,0,0
711,20260922,0,0,0,NA,NA,4,NA,NA,4,0,0,17,17,13,0,0,0,0
712,20260922,0,0,0,3,NA,7,3,NA,7,1,0,17,17,10,6,1,0,0
713,20260922,1,1,0,1,6,6,1,6,6,4,0,17,17,11,2052,5729,0,26214
714,20260922,1,1,0,2,8,8,2,8,8,4,0,17,17,9,0,17476,0,17476
715,20260922,1,1,0,1,4,4,1,4,4,4,0,17,17,13,2124,4369,0,4369
716,20260922,0,0,0,3,NA,7,3,NA,7,1,0,17,17,10,6,1,0,0
717,20260922,0,0,0,NA,NA,4,NA,NA,4,0,0,17,17,13,0,0,0,0
718,20260922,1,1,0,2,8,8,2,8,8,4,0,17,17,9,0,4369,0,4369
719,20260922,1,1,0,1,6,6,1,6,6,4,0,17,17,11,2052,5729,0,26214
720,20260922,1,1,0,1,4,4,1,4,4,4,0,17,17,13,2124,4369,0,4369
721,20260922,1,1,0,1,4,4,1,4,4,4,0,17,17,13,2124,4369,0,4369
722,20260922,0,0,0,4,NA,8,4,NA,8,1,0,17,17,9,5,1,0,0
723,20260922,1,1,0,2,6,6,2,6,6,4,0,17,17,11,72,20757,0,21845
724,20260922,0,0,0,NA,NA,4,NA,NA,4,0,0,17,17,13,0,0,0,0
725,20260922,0,0,0,NA,NA,4,NA,NA,4,0,0,17,17,13,0,0,0,0
726,20260922,0,0,0,NA,NA,4,NA,NA,4,0,0,17,17,13,0,0,0,0
727,20260922,0,0,0,NA,NA,4,NA,NA,4,0,0,17,17,13,0,0,0,0
728,20260922,1,1,0,1,4,4,1,4,4,4,0,17,17,13,2124,4369,0,4369
729,20260922,0,0,0,3,NA,7,3,NA,7,1,0,17,17,10,6,1,0,0
730,20260922,1,1,0,1,4,4,1,4,4,4,0,17,17,13,2124,4913,0,17476
731,20260922,0,0,0,NA,NA,4,NA,NA,4,0,0,17,17,13,0,0,0,0
732,20260922,0,0,0,NA,NA,4,NA,NA,4,0,0,17,17,13,0,0,0,0
733,20260922,0,0,0,4,NA,11,4,NA,11,2,0,17,17,6,29,25,0,0
734,20260922,0,0,0,NA,NA,4,NA,NA,4,0,0,17,17,13,0,0,0,0
735,20260922,0,0,0,NA,NA,4,NA,NA,4,0,0,17,17,13,0,0,0,0
736,20260922,0,0,0,NA,NA,4,NA,NA,4,0,0,17,17,13,0,0,0,0
737,20260922,1,1,0,1,4,4,1,4,4,4,0,17,17,13,2124,4369,0,4369
738,20260922,1,1,0,2,6,6,2,6,6,4,0,17,17,11,72,4369,0,4369
739,20260922,0,0,0,NA,NA,4,NA,NA,4,0,0,17,17,13,0,0,0,0
740,20260922,0,0,0,NA,NA,4,NA,NA,4,0,0,17,17,13,0,0,0,0
741,20260922,1,1,0,1,4,4,1,4,4,4,0,17,17,13,2124,4369,0,4369
742,20260922,0,0,0,NA,NA,4,NA,NA,4,0,0,17,17,13,0,0,0,0
743,20260922,0,0,0,NA,NA,4,NA,NA,4,0,0,17,17,13,0,0,0,0
744,20260922,0,0,0,3,NA,7,3,NA,7,1,0,17,17,10,6,1,0,0
745,20260922,1,1,0,2,8,8,2,8,8,4,0,17,17,9,0,17476,0,17476
746,20260922,0,0,0,NA,NA,4,NA,NA,4,0,0,17,17,13,0,0,0,0
747,20260922,0,0,0,NA,NA,4,NA,NA,4,0,0,17,17,13,0,0,0,0
748,20260922,1,1,0,3,12,12,3,12,12,4,0,17,17,5,3294,4369,3294,4369
749,20260922,0,0,0,4,NA,8,4,NA,8,1,0,17,17,9,5,8,0,0
750,20260922,1,1,0,2,6,6,2,6,6,4,0,17,17,11,72,4369,0,4369
751,20260922,0,0,0,NA,NA,4,NA,NA,4,0,0,17,17,13,0,0,0,0
752,20260922,0,0,0,NA,NA,4,NA,NA,4,0,0,17,17,13,0,0,0,0
753,20260922,1,1,0,1,4,4,1,4,4,4,0,17,17,13,2124,4369,0,4369
754,20260922,0,0,0,NA,NA,4,NA,NA,4,0,0,17,17,13,0,0,0,0
755,20260922,0,0,0,NA,NA,4,NA,NA,4,0,0,17,17,13,0,0,0,0
756,20260922,0,0,0,3,NA,7,3,NA,7,1,0,17,17,10,6,1,0,0
757,20260922,1,1,0,1,4,4,1,4,4,4,0,17,17,13,2124,4369,0,4369
758,20260922,1,1,0,2,8,8,2,8,8,4,0,17,17,9,0,21845,0,21845
759,20260922,0,0,0,NA,NA,4,NA,NA,4,0,0,17,17,13,0,0,0,0
760,20260922,1,1,0,1,4,4,1,4,4,4,0,17,17,13,2124,4369,0,4369
761,20260922,1,1,0,1,6,6,1,6,6,4,0,17,17,11,2052,5185,0,17476
762,20260922,0,0,0,NA,NA,4,NA,NA,4,0,0,17,17,13,0,0,0,0
763,20260922,0,0,0,3,NA,7,3,NA,7,1,0,17,17,10,6,1,0,0
764,20260922,0,0,0,NA,NA,4,NA,NA,4,0,0,17,17,13,0,0,0,0
765,20260922,0,0,0,NA,NA,4,NA,NA,4,0,0,17,17,13,0,0,0,0
766,20260922,0,0,0,NA,NA,4,NA,NA,4,0,0,17,17,13,0,0,0,0
767,20260922,1,1,0,2,8,8,2,8,8,4,0,17,17,9,0,17476,0,17476
768,20260922,1,1,0,1,4,4,1,4,4,4,0,17,17,13,2124,4913,0,17476
769,20260922,0,0,0,NA,NA,4,NA,NA,4,0,0,17,17,13,0,0,0,0
770,20260922,0,0,0,NA,NA,4,NA,NA,4,0,0,17,17,13,0,0,0,0
771,20260922,0,0,0,3,NA,7,3,NA,7,1,0,17,17,10,6,4,0,0
772,20260922,0,0,0,NA,NA,4,NA,NA,4,0,0,17,17,13,0,0,0,0
773,20260922,0,0,0,3,NA,7,3,NA,7,1,0,17,17,10,6,1,0,0
774,20260922,1,1,0,1,4,4,1,4,4,4,0,17,17,13,2124,4369,0,4369
775,20260922,0,0,0,3,NA,7,3,NA,7,1,0,17,17,10,6,1,0,0
776,20260922,0,0,0,NA,NA,4,NA,NA,4,0,0,17,17,13,0,0,0,0
777,20260922,0,0,0,NA,NA,4,NA,NA,4,0,0,17,17,13,0,0,0,0
778,20260922,1,1,0,1,4,4,1,4,4,4,0,17,17,13,2124,4369,0,4369
779,20260922,0,0,0,NA,NA,4,NA,NA,4,0,0,17,17,13,0,0,0,0
780,20260922,0,0,0,NA,NA,4,NA,NA,4,0,0,17,17,13,0,0,0,0
781,20260922,0,0,0,4,NA,11,4,NA,11,2,0,17,17,6,29,20,0,0
782,20260922,1,1,0,1,4,4,1,4,4,4,0,17,17,13,2124,4913,0,17476
783,20260922,0,0,0,NA,NA,4,NA,NA,4,0,0,17,17,13,0,0,0,0
784,20260922,0,0,0,NA,NA,4,NA,NA,4,0,0,17,17,13,0,0,0,0
785,20260922,1,1,0,1,4,4,1,4,4,4,0,17,17,13,2124,4369,0,4369
786,20260922,1,1,0,1,4,4,1,4,4,4,0,17,17,13,2124,4369,0,4369
787,20260922,0,0,0,NA,NA,4,NA,NA,4,0,0,17,17,13,0,0,0,0
788,20260922,1,1,0,1,4,4,1,4,4,4,0,17,17,13,2124,4369,0,4369
789,20260922,0,0,0,NA,NA,4,NA,NA,4,0,0,17,17,13,0,0,0,0
790,20260922,1,1,0,1,4,4,1,4,4,4,0,17,17,13,2124,4369,0,4369
791,20260922,1,1,0,1,4,4,1,4,4,4,0,17,17,13,2124,4369,0,4369
792,20260922,0,0,0,NA,NA,4,NA,NA,4,0,0,17,17,13,0,0,0,0
793,20260922,1,1,0,2,6,6,2,6,6,4,0,17,17,11,72,4369,0,4369
794,20260922,1,1,0,1,4,4,1,4,4,4,0,17,17,13,2124,4369,0,4369
795,20260922,0,0,0,NA,NA,4,NA,NA,4,0,0,17,17,13,0,0,0,0
796,20260922,0,0,0,NA,NA,4,NA,NA,4,0,0,17,17,13,0,0,0,0
797,20260922,0,0,0,NA,NA,4,NA,NA,4,0,0,17,17,13,0,0,0,0
798,20260922,0,0,0,NA,NA,4,NA,NA,4,0,0,17,17,13,0,0,0,0
799,20260922,0,0,0,NA,NA,4,NA,NA,4,0,0,17,17,13,0,0,0,0
800,20260922,1,1,0,1,6,6,1,6,6,4,0,17,17,11,2052,5185,0,17476
801,20260922,1,1,0,1,4,4,1,4,4,4,0,17,17,13,2124,4369,0,4369
802,20260922,0,0,0,NA,NA,4,NA,NA,4,0,0,17,17,13,0,0,0,0
803,20260922,1,1,0,1,4,4,1,4,4,4,0,17,17,13,2124,4913,0,17476
804,20260922,0,0,0,NA,NA,4,NA,NA,4,0,0,17,17,13,0,0,0,0
805,20260922,0,0,0,NA,NA,4,NA,NA,4,0,0,17,17,13,0,0,0,0
806,20260922,1,1,0,1,4,4,1,4,4,4,0,17,17,13,2124,4369,0,4369
807,20260922,0,0,0,NA,NA,4,NA,NA,4,0,0,17,17,13,0,0,0,0
808,20260922,0,0,0,NA,NA,4,NA,NA,4,0,0,17,17,13,0,0,0,0
809,20260922,0,0,0,NA,NA,4,NA,NA,4,0,0,17,17,13,0,0,0,0
810,20260922,0,0,0,4,NA,8,4,NA,8,1,0,17,17,9,5,6,0,0
811,20260922,0,0,0,3,NA,7,3,NA,7,1,0,17,17,10,6,1,0,0
812,20260922,0,0,0,NA,NA,4,NA,NA,4,0,0,17,17,13,0,0,0,0
813,20260922,0,0,0,NA,NA,4,NA,NA,4,0,0,17,17,13,0,0,0,0
814,20260922,1,1,0,1,4,4,1,4,4,4,0,17,17,13,2124,4369,0,4369
815,20260922,0,0,0,4,NA,8,4,NA,8,1,0,17,17,9,5,7,0,0
816,20260922,0,0,0,NA,NA,4,NA,NA,4,0,0,17,17,13,0,0,0,0
817,20260922,0,0,0,NA,NA,4,NA,NA,4,0,0,17,17,13,0,0,0,0
818,20260922,0,0,0,NA,NA,4,NA,NA,4,0,0,17,17,13,0,0,0,0
819,20260922,1,1,0,1,4,4,1,4,4,4,0,17,17,13,2124,4369,0,4369
820,20260922,1,1,0,2,6,6,2,6,6,4,0,17,17,11,72,4369,0,4369
821,20260922,0,0,0,NA,NA,4,NA,NA,4,0,0,17,17,13,0,0,0,0
822,20260922,0,0,0,NA,NA,4,NA,NA,4,0,0,17,17,13,0,0,0,0
823,20260922,0,0,0,NA,NA,4,NA,NA,4,0,0,17,17,13,0,0,0,0
824,20260922,0,0,0,3,NA,7,3,NA,7,1,0,17,17,10,6,1,0,0
825,20260922,1,1,0,1,4,4,1,4,4,4,0,17,17,13,2124,4369,0,4369
826,20260922,1,1,0,1,4,4,1,4,4,4,0,17,17,13,2124,4369,0,4369
827,20260922,0,0,0,3,NA,7,3,NA,7,1,0,17,17,10,6,1,0,0
828,20260922,1,1,0,1,4,4,1,4,4,4,0,17,17,13,2124,4369,0,4369
829,20260922,0,0,0,NA,NA,4,NA,NA,4,0,0,17,17,13,0,0,0,0
830,20260922,1,1,0,1,6,6,1,6,6,4,0,17,17,11,2052,5185,0,17476
831,20260922,1,1,0,1,4,4,1,4,4,4,0,17,17,13,2124,4369,0,4369
832,20260922,1,1,0,1,4,4,1,4,4,4,0,17,17,13,2124,12563,0,4369
833,20260922,1,1,0,1,4,4,1,4,4,4,0,17,17,13,2124,4369,0,4369
834,20260922,1,1,0,1,4,4,1,4,4,4,0,17,17,13,2124,4369,0,4369
835,20260922,1,1,0,1,4,4,1,4,4,4,0,17,17,13,2124,9010,0,21845
836,20260922,0,0,0,NA,NA,4,NA,NA,4,0,0,17,17,13,0,0,0,0
837,20260922,0,0,0,4,NA,8,4,NA,8,1,0,17,17,9,5,7,0,0
838,20260922,0,0,0,NA,NA,4,NA,NA,4,0,0,17,17,13,0,0,0,0
839,20260922,0,0,0,NA,NA,4,NA,NA,4,0,0,17,17,13,0,0,0,0
840,20260922,1,1,0,1,4,4,1,4,4,4,0,17,17,13,2124,4913,0,17476
841,20260922,0,0,0,NA,NA,4,NA,NA,4,0,0,17,17,13,0,0,0,0
842,20260922,0,0,0,NA,NA,4,NA,NA,4,0,0,17,17,13,0,0,0,0
843,20260922,0,0,0,4,NA,8,4,NA,8,1,0,17,17,9,5,3,0,0
844,20260922,0,0,0,3,NA,7,3,NA,7,1,0,17,17,10,6,1,0,0
845,20260922,0,0,0,NA,NA,4,NA,NA,4,0,0,17,17,13,0,0,0,0
846,20260922,1,1,0,3,12,12,3,12,12,4,0,17,17,5,3294,4369,3294,4369
847,20260922,1,1,0,1,6,6,1,6,6,4,0,17,17,11,2052,5729,0,26214
848,20260922,1,1,0,2,6,6,2,6,6,4,0,17,17,11,72,4369,0,4369
849,20260922,0,0,0,NA,NA,4,NA,NA,4,0,0,17,17,13,0,0,0,0
850,20260922,1,1,0,1,4,4,1,4,4,4,0,17,17,13,2124,4369,0,4369
851,20260922,0,0,0,NA,NA,4,NA,NA,4,0,0,17,17,13,0,0,0,0
852,20260922,1,1,0,1,6,6,1,6,6,4,0,17,17,11,2052,9554,0,21845
853,20260922,0,0,0,4,NA,8,4,NA,8,1,0,17,17,9,5,7,0,0
854,20260922,0,0,0,NA,NA,4,NA,NA,4,0,0,17,17,13,0,0,0,0
855,20260922,1,1,0,1,6,6,1,6,6,4,0,17,17,11,2052,5185,0,17476
856,20260922,0,0,0,NA,NA,4,NA,NA,4,0,0,17,17,13,0,0,0,0
857,20260922,1,1,0,1,4,4,1,4,4,4,0,17,17,13,2124,4369,0,4369
858,20260922,1,1,0,1,4,4,1,4,4,4,0,17,17,13,2124,12563,0,4369
859,20260922,0,0,0,NA,NA,4,NA,NA,4,0,0,17,17,13,0,0,0,0
860,20260922,0,0,0,NA,NA,4,NA,NA,4,0,0,17,17,13,0,0,0,0
861,20260922,0,0,0,NA,NA,4,NA,NA,4,0,0,17,17,13,0,0,0,0
862,20260922,0,0,0,NA,NA,4,NA,NA,4,0,0,17,17,13,0,0,0,0
863,20260922,1,1,0,1,4,4,1,4,4,4,0,17,17,13,2124,4369,0,4369
864,20260922,0,0,0,NA,NA,4,NA,NA,4,0,0,17,17,13,0,0,0,0
865,20260922,1,1,0,1,4,4,1,4,4,4,0,17,17,13,2124,4369,0,4369
866,20260922,0,0,0,NA,NA,4,NA,NA,4,0,0,17,17,13,0,0,0,0
867,20260922,1,1,0,1,4,4,1,4,4,4,0,17,17,13,2124,4369,0,4369
868,20260922,0,0,0,NA,NA,4,NA,NA,4,0,0,17,17,13,0,0,0,0
869,20260922,0,0,0,NA,NA,4,NA,NA,4,0,0,17,17,13,0,0,0,0
870,20260922,0,0,0,NA,NA,4,NA,NA,4,0,0,17,17,13,0,0,0,0
871,20260922,0,0,0,3,NA,7,3,NA,7,1,0,17,17,10,6,1,0,0
872,20260922,1,1,0,1,4,4,1,4,4,4,0,17,17,13,2124,4369,0,4369
873,20260922,1,1,0,3,12,12,3,12,12,4,0,17,17,5,3294,4369,3294,4369
874,20260922,0,0,0,3,NA,7,3,NA,7,1,0,17,17,10,6,1,0,0
875,20260922,1,1,0,1,4,4,1,4,4,4,0,17,17,13,2124,4369,0,4369
876,20260922,1,1,0,1,4,4,1,4,4,4,0,17,17,13,2124,4369,0,4369
877,20260922,0,0,0,3,NA,7,3,NA,7,1,0,17,17,10,6,1,0,0
878,20260922,1,1,0,1,4,4,1,4,4,4,0,17,17,13,2124,4369,0,4369
879,20260922,0,0,0,3,NA,7,3,NA,7,1,0,17,17,10,6,1,0,0
880,20260922,0,0,0,NA,NA,4,NA,NA,4,0,0,17,17,13,0,0,0,0
881,20260922,0,0,0,NA,NA,4,NA,NA,4,0,0,17,17,13,0,0,0,0
882,20260922,1,1,0,1,4,4,1,4,4,4,0,17,17,13,2124,4369,0,4369
883,20260922,0,0,0,3,NA,7,3,NA,7,1,0,17,17,10,6,1,0,0
884,20260922,0,0,0,NA,NA,4,NA,NA,4,0,0,17,17,13,0,0,0,0
885,20260922,0,0,0,NA,NA,4,NA,NA,4,0,0,17,17,13,0,0,0,0
886,20260922,0,0,0,3,NA,7,3,NA,7,1,0,17,17,10,6,1,0,0
887,20260922,0,0,0,4,NA,8,4,NA,8,1,0,17,17,9,5,6,0,0
888,20260922,1,1,0,1,4,4,1,4,4,4,0,17,17,13,2124,4369,0,4369
889,20260922,1,1,0,1,4,4,1,4,4,4,0,17,17,13,2124,4369,0,4369
890,20260922,0,0,0,NA,NA,4,NA,NA,4,0,0,17,17,13,0,0,0,0
891,20260922,0,0,0,NA,NA,4,NA,NA,4,0,0,17,17,13,0,0,0,0
892,20260922,0,0,0,NA,NA,4,NA,NA,4,0,0,17,17,13,0,0,0,0
893,20260922,0,0,0,3,NA,7,3,NA,7,1,0,17,17,10,6,1,0,0
894,20260922,0,0,0,3,NA,7,3,NA,7,1,0,17,17,10,6,1,0,0
895,20260922,1,1,0,1,4,4,1,4,4,4,0,17,17,13,2124,4369,0,4369
896,20260922,0,0,0,NA,NA,4,NA,NA,4,0,0,17,17,13,0,0,0,0
897,20260922,0,0,0,NA,NA,4,NA,NA,4,0,0,17,17,13,0,0,0,0
898,20260922,1,1,0,3,12,12,3,12,12,4,0,17,17,5,3294,4369,3294,4369
899,20260922,0,0,0,NA,NA,4,NA,NA,4,0,0,17,17,13,0,0,0,0
900,20260922,0,0,0,NA,NA,4,NA,NA,4,0,0,17,17,13,0,0,0,0
901,20260922,1,1,0,2,6,6,2,6,6,4,0,17,17,11,72,4369,0,4369
902,20260922,1,1,0,1,4,4,1,4,4,4,0,17,17,13,2124,4369,0,4369
903,20260922,0,0,0,NA,NA,4,NA,NA,4,0,0,17,17,13,0,0,0,0
904,20260922,0,0,0,NA,NA,4,NA,NA,4,0,0,17,17,13,0,0,0,0
905,20260922,1,1,0,3,12,12,3,12,12,4,0,17,17,5,3294,4369,3294,4369
906,20260922,0,0,0,NA,NA,4,NA,NA,4,0,0,17,17,13,0,0,0,0
907,20260922,1,1,0,1,4,4,1,4,4,4,0,17,17,13,2124,4369,0,4369
908,20260922,1,1,0,1,4,4,1,4,4,4,0,17,17,13,2124,12563,0,4369
909,20260922,0,0,0,NA,NA,4,NA,NA,4,0,0,17,17,13,0,0,0,0
910,20260922,0,0,0,NA,NA,4,NA,NA,4,0,0,17,17,13,0,0,0,0
911,20260922,0,0,0,NA,NA,4,NA,NA,4,0,0,17,17,13,0,0,0,0
912,20260922,0,0,0,3,NA,7,3,NA,7,1,0,17,17,10,6,1,0,0
913,20260922,1,1,0,1,4,4,1,4,4,4,0,17,17,13,2124,4369,0,4369
914,20260922,1,1,0,1,4,4,1,4,4,4,0,17,17,13,2124,4369,0,4369
915,20260922,0,0,0,4,NA,8,4,NA,8,1,0,17,17,9,5,3,0,0
916,20260922,0,0,0,NA,NA,4,NA,NA,4,0,0,17,17,13,0,0,0,0
917,20260922,0,0,0,4,NA,8,4,NA,8,1,0,17,17,9,5,1,0,0
918,20260922,0,0,0,NA,NA,4,NA,NA,4,0,0,17,17,13,0,0,0,0
919,20260922,1,1,0,2,8,8,2,8,8,4,0,17,17,9,0,13107,0,13107
920,20260922,0,0,0,NA,NA,4,NA,NA,4,0,0,17,17,13,0,0,0,0
921,20260922,0,0,0,NA,NA,4,NA,NA,4,0,0,17,17,13,0,0,0,0
922,20260922,0,0,0,NA,NA,4,NA,NA,4,0,0,17,17,13,0,0,0,0
923,20260922,1,1,0,2,6,6,2,6,6,4,0,17,17,11,72,4369,0,4369
924,20260922,0,0,0,NA,NA,4,NA,NA,4,0,0,17,17,13,0,0,0,0
925,20260922,1,1,0,1,4,4,1,4,4,4,0,17,17,13,2124,4369,0,4369
926,20260922,0,0,0,NA,NA,4,NA,NA,4,0,0,17,17,13,0,0,0,0
927,20260922,0,0,0,NA,NA,4,NA,NA,4,0,0,17,17,13,0,0,0,0
928,20260922,0,0,0,NA,NA,4,NA,NA,4,0,0,17,17,13,0,0,0,0
929,20260922,0,0,0,NA,NA,4,NA,NA,4,0,0,17,17,13,0,0,0,0
930,20260922,0,0,0,3,NA,7,3,NA,7,1,0,17,17,10,6,1,0,0
931,20260922,1,1,0,1,4,4,1,4,4,4,0,17,17,13,2124,4369,0,4369
932,20260922,0,0,0,NA,NA,4,NA,NA,4,0,0,17,17,13,0,0,0,0
933,20260922,1,1,0,2,8,8,2,8,8,4,0,17,17,9,0,17476,0,17476
934,20260922,1,1,0,1,4,4,1,4,4,4,0,17,17,13,2124,4369,0,4369
935,20260922,0,0,0,NA,NA,4,NA,NA,4,0,0,17,17,13,0,0,0,0
936,20260922,0,0,0,NA,NA,4,NA,NA,4,0,0,17,17,13,0,0,0,0
937,20260922,1,1,0,2,8,8,2,8,8,4,0,17,17,9,0,17476,0,17476
938,20260922,0,0,0,NA,NA,4,NA,NA,4,0,0,17,17,13,0,0,0,0
939,20260922,0,0,0,4,NA,8,4,NA,8,1,0,17,17,9,5,9,0,0
940,20260922,0,0,0,3,NA,7,3,NA,7,1,0,17,17,10,6,1,0,0
941,20260922,1,1,0,1,6,6,1,6,6,4,0,17,17,11,2052,5185,0,17476
942,20260922,1,1,0,2,6,6,2,6,6,4,0,17,17,11,72,4369,0,4369
943,20260922,1,1,0,1,4,4,1,4,4,4,0,17,17,13,2124,4369,0,4369
944,20260922,0,0,0,3,NA,7,3,NA,7,1,0,17,17,10,6,1,0,0
945,20260922,0,0,0,3,NA,7,3,NA,7,1,0,17,17,10,6,1,0,0
946,20260922,1,1,0,1,10,10,1,10,10,4,0,17,17,7,2196,10370,2196,10370
947,20260922,1,1,0,1,4,4,1,4,4,4,0,17,17,13,2124,4369,0,4369
948,20260922,0,0,0,NA,NA,4,NA,NA,4,0,0,17,17,13,0,0,0,0
949,20260922,0,0,0,NA,NA,4,NA,NA,4,0,0,17,17,13,0,0,0,0
950,20260922,1,1,0,1,4,4,1,4,4,4,0,17,17,13,2124,4913,0,17476
951,20260922,0,0,0,NA,NA,4,NA,NA,4,0,0,17,17,13,0,0,0,0
952,20260922,1,1,0,1,4,4,1,4,4,4,0,17,17,13,2124,4369,0,4369
953,20260922,0,0,0,NA,NA,4,NA,NA,4,0,0,17,17,13,0,0,0,0
954,20260922,0,0,0,3,NA,7,3,NA,7,1,0,17,17,10,6,2,0,0
955,20260922,0,0,0,3,NA,7,3,NA,7,1,0,17,17,10,6,1,0,0
956,20260922,0,0,0,3,NA,7,3,NA,7,1,0,17,17,10,6,1,0,0
957,20260922,0,0,0,NA,NA,4,NA,NA,4,0,0,17,17,13,0,0,0,0
958,20260922,0,0,0,3,NA,7,3,NA,7,1,0,17,17,10,6,1,0,0
959,20260922,1,1,0,2,8,8,2,8,8,4,0,17,17,9,0,13107,0,13107
960,20260922,1,1,0,1,4,4,1,4,4,4,0,17,17,13,2124,4369,0,4369
961,20260922,0,0,0,3,NA,7,3,NA,7,1,0,17,17,10,6,1,0,0
962,20260922,1,1,0,2,6,6,2,6,6,4,0,17,17,11,72,4913,0,4369
963,20260922,0,0,0,NA,NA,4,NA,NA,4,0,0,17,17,13,0,0,0,0
964,20260922,1,1,0,2,6,6,2,6,6,4,0,17,17,11,72,8738,0,8738
965,20260922,1,1,0,1,6,6,1,6,6,4,0,17,17,11,2052,4641,0,8738
966,20260922,1,1,0,3,12,12,3,12,12,4,0,17,17,5,3294,4369,3294,4369
967,20260922,1,1,0,1,6,6,1,6,6,4,0,17,17,11,2052,9554,0,21845
968,20260922,0,0,0,NA,NA,4,NA,NA,4,0,0,17,17,13,0,0,0,0
969,20260922,1,1,0,1,4,4,1,4,4,4,0,17,17,13,2124,4369,0,4369
970,20260922,0,0,0,3,NA,7,3,NA,7,1,0,17,17,10,6,1,0,0
971,20260922,0,0,0,NA,NA,4,NA,NA,4,0,0,17,17,13,0,0,0,0
972,20260922,1,1,0,1,4,4,1,4,4,4,0,17,17,13,2124,4369,0,4369
973,20260922,0,0,0,NA,NA,4,NA,NA,4,0,0,17,17,13,0,0,0,0
974,20260922,0,0,0,3,NA,7,3,NA,7,1,0,17,17,10,6,1,0,0
975,20260922,0,0,0,NA,NA,4,NA,NA,4,0,0,17,17,13,0,0,0,0
976,20260922,0,0,0,NA,NA,4,NA,NA,4,0,0,17,17,13,0,0,0,0
977,20260922,0,0,0,4,NA,11,4,NA,11,2,0,17,17,6,29,20,0,0
978,20260922,0,0,0,3,NA,7,3,NA,7,1,0,17,17,10,6,1,0,0
979,20260922,1,1,0,1,4,4,1,4,4,4,0,17,17,13,2124,4369,0,4369
980,20260922,0,0,0,3,NA,7,3,NA,7,1,0,17,17,10,6,1,0,0
981,20260922,0,0,0,3,NA,7,3,NA,7,1,0,17,17,10,6,1,0,0
982,20260922,0,0,0,NA,NA,4,NA,NA,4,0,0,17,17,13,0,0,0,0
983,20260922,0,0,0,3,NA,7,3,NA,7,1,0,17,17,10,6,1,0,0
984,20260922,0,0,0,NA,NA,4,NA,NA,4,0,0,17,17,13,0,0,0,0
985,20260922,0,0,0,NA,NA,4,NA,NA,4,0,0,17,17,13,0,0,0,0
986,20260922,0,0,0,NA,NA,4,NA,NA,4,0,0,17,17,13,0,0,0,0
987,20260922,1,1,0,2,6,6,2,6,6,4,0,17,17,11,72,4369,0,4369
988,20260922,1,1,0,1,6,6,1,6,6,4,0,17,17,11,2052,5185,0,17476
989,20260922,1,1,0,1,4,4,1,4,4,4,0,17,17,13,2124,4369,0,4369
990,20260922,0,0,0,4,NA,8,4,NA,8,1,0,17,17,9,5,1,0,0
991,20260922,0,0,0,NA,NA,4,NA,NA,4,0,0,17,17,13,0,0,0,0
992,20260922,0,0,0,4,NA,8,4,NA,8,1,0,17,17,9,5,1,0,0
993,20260922,0,0,0,NA,NA,4,NA,NA,4,0,0,17,17,13,0,0,0,0
994,20260922,1,1,0,1,4,4,1,4,4,4,0,17,17,13,2124,4369,0,4369
995,20260922,0,0,0,NA,NA,4,NA,NA,4,0,0,17,17,13,0,0,0,0
996,20260922,0,0,0,NA,NA,4,NA,NA,4,0,0,17,17,13,0,0,0,0
997,20260922,0,0,0,4,NA,8,4,NA,8,1,0,17,17,9,5,10,0,0
998,20260922,1,1,0,1,4,4,1,4,4,4,0,17,17,13,2124,4369,0,4369
999,20260922,1,1,0,2,6,6,2,6,6,4,0,17,17,11,72,4369,0,4369
