scope,policy,metric,population,sample_count,min_cycles,mean_cycles,median_cycles,p95_cycles,max_cycles,min_ns,mean_ns,median_ns,p95_ns,max_ns
PREFLIGHT,EARLY,L_FIRST_COMMIT,ALL,587,1,1.9114,1.0000,4,4,20,38.2283,20.0000,80,80
PREFLIGHT,EARLY,L_FINAL_COMMIT,ALL,434,4,5.6037,4.0000,12,12,80,112.0737,80.0000,240,240
PREFLIGHT,EARLY,L_DONE,ALL,1000,4,5.2320,4.0000,11,12,80,104.6400,80.0000,220,240
PREFLIGHT,GROUP,L_DONE,ALL,1000,17,17.0000,17.0000,17,17,340,340.0000,340.0000,340,340
PREFLIGHT,EARLY,L_FIRST_COMMIT,REPAIRABLE,434,1,1.4055,1.0000,3,4,20,28.1106,20.0000,60,80
PREFLIGHT,EARLY,L_FINAL_COMMIT,REPAIRABLE,434,4,5.6037,4.0000,12,12,80,112.0737,80.0000,240,240
PREFLIGHT,EARLY,L_DONE,REPAIRABLE,434,4,5.6037,4.0000,12,12,80,112.0737,80.0000,240,240
PREFLIGHT,GROUP,L_DONE,REPAIRABLE,434,17,17.0000,17.0000,17,17,340,340.0000,340.0000,340,340
PREFLIGHT,EARLY,L_FIRST_COMMIT,UNREPAIRABLE,153,3,3.3464,3.0000,4,4,60,66.9281,60.0000,80,80
PREFLIGHT,EARLY,L_FINAL_COMMIT,UNREPAIRABLE,0,NA,NA,NA,NA,NA,NA,NA,NA,NA,NA
PREFLIGHT,EARLY,L_DONE,UNREPAIRABLE,566,4,4.9470,4.0000,8,11,80,98.9399,80.0000,160,220
PREFLIGHT,GROUP,L_DONE,UNREPAIRABLE,566,17,17.0000,17.0000,17,17,340,340.0000,340.0000,340,340
PREFLIGHT,PAIRED,GROUP_MINUS_EARLY_L_DONE,ALL,1000,5,11.7680,13.0000,13,13,100,235.3600,260.0000,260,260
PREFLIGHT,PAIRED,GROUP_MINUS_EARLY_L_DONE,BOTH_REPAIRABLE,434,5,11.3963,13.0000,13,13,100,227.9263,260.0000,260,260
FORMAL,EARLY,L_FIRST_COMMIT,ALL,5895,1,1.8207,1.0000,4,4,20,36.4139,20.0000,80,80
FORMAL,EARLY,L_FINAL_COMMIT,ALL,4619,4,5.6397,4.0000,12,12,80,112.7950,80.0000,240,240
FORMAL,EARLY,L_DONE,ALL,10000,4,5.2006,4.0000,11,12,80,104.0120,80.0000,220,240
FORMAL,GROUP,L_DONE,ALL,10000,17,17.0000,17.0000,17,17,340,340.0000,340.0000,340,340
FORMAL,EARLY,L_FIRST_COMMIT,REPAIRABLE,4619,1,1.4070,1.0000,3,4,20,28.1403,20.0000,60,80
FORMAL,EARLY,L_FINAL_COMMIT,REPAIRABLE,4619,4,5.6397,4.0000,12,12,80,112.7950,80.0000,240,240
FORMAL,EARLY,L_DONE,REPAIRABLE,4619,4,5.6397,4.0000,12,12,80,112.7950,80.0000,240,240
FORMAL,GROUP,L_DONE,REPAIRABLE,4619,17,17.0000,17.0000,17,17,340,340.0000,340.0000,340,340
FORMAL,EARLY,L_FIRST_COMMIT,UNREPAIRABLE,1276,1,3.3182,3.0000,4,4,20,66.3636,60.0000,80,80
FORMAL,EARLY,L_FINAL_COMMIT,UNREPAIRABLE,0,NA,NA,NA,NA,NA,NA,NA,NA,NA,NA
FORMAL,EARLY,L_DONE,UNREPAIRABLE,5381,4,4.8236,4.0000,8,11,80,96.4728,80.0000,160,220
FORMAL,GROUP,L_DONE,UNREPAIRABLE,5381,17,17.0000,17.0000,17,17,340,340.0000,340.0000,340,340
FORMAL,PAIRED,GROUP_MINUS_EARLY_L_DONE,ALL,10000,5,11.7994,13.0000,13,13,100,235.9880,260.0000,260,260
FORMAL,PAIRED,GROUP_MINUS_EARLY_L_DONE,BOTH_REPAIRABLE,4619,5,11.3603,13.0000,13,13,100,227.2050,260.0000,260,260
FORMAL,OUTCOME,BOTH_REPAIRABLE,ALL,4619,NA,NA,NA,NA,NA,NA,NA,NA,NA,NA
FORMAL,OUTCOME,EARLY_ONLY,ALL,0,NA,NA,NA,NA,NA,NA,NA,NA,NA,NA
FORMAL,OUTCOME,GROUP_ONLY,ALL,0,NA,NA,NA,NA,NA,NA,NA,NA,NA,NA
FORMAL,OUTCOME,BOTH_UNREPAIRABLE,ALL,5381,NA,NA,NA,NA,NA,NA,NA,NA,NA,NA
