STATIC_PATH_ID,A_SLOT,B_SLOT,C_SLOT,D_SLOT,A_CONFIGID,B_CONFIGID,C_CONFIGID,D_CONFIGID,A_RELEASE_ROW,A_BORROW_COL,B_RELEASE_COL,B_BORROW_ROW,C_RELEASE_COL,C_BORROW_ROW,D_RELEASE_ROW,D_BORROW_COL
0,0,0,0,0,0,0,0,0,0,0,0,0,0,0,0,0
1,1,0,0,0,4,0,0,0,1,0,0,0,0,0,0,0
2,0,1,0,0,0,1,0,0,0,0,1,0,0,0,0,0
3,1,1,0,0,4,1,0,0,1,0,1,0,0,0,0,0
4,2,1,0,0,5,1,0,0,0,1,1,0,0,0,0,0
5,3,1,0,0,6,1,0,0,1,1,1,0,0,0,0,0
6,0,0,1,0,0,0,1,0,0,0,0,0,1,0,0,0
7,1,0,1,0,4,0,1,0,1,0,0,0,1,0,0,0
8,0,1,1,0,0,1,1,0,0,0,1,0,1,0,0,0
9,1,1,1,0,4,1,1,0,1,0,1,0,1,0,0,0
10,2,1,1,0,5,1,1,0,0,1,1,0,1,0,0,0
11,3,1,1,0,6,1,1,0,1,1,1,0,1,0,0,0
12,1,0,2,0,4,0,2,0,1,0,0,0,0,1,0,0
13,1,1,2,0,4,1,2,0,1,0,1,0,0,1,0,0
14,3,1,2,0,6,1,2,0,1,1,1,0,0,1,0,0
15,1,0,3,0,4,0,3,0,1,0,0,0,1,1,0,0
16,1,1,3,0,4,1,3,0,1,0,1,0,1,1,0,0
17,3,1,3,0,6,1,3,0,1,1,1,0,1,1,0,0
18,0,0,0,1,0,0,0,4,0,0,0,0,0,0,1,0
19,1,0,0,1,4,0,0,4,1,0,0,0,0,0,1,0
20,0,1,0,1,0,1,0,4,0,0,1,0,0,0,1,0
21,1,1,0,1,4,1,0,4,1,0,1,0,0,0,1,0
22,2,1,0,1,5,1,0,4,0,1,1,0,0,0,1,0
23,3,1,0,1,6,1,0,4,1,1,1,0,0,0,1,0
24,0,2,0,1,0,2,0,4,0,0,0,1,0,0,1,0
25,1,2,0,1,4,2,0,4,1,0,0,1,0,0,1,0
26,0,3,0,1,0,3,0,4,0,0,1,1,0,0,1,0
27,1,3,0,1,4,3,0,4,1,0,1,1,0,0,1,0
28,2,3,0,1,5,3,0,4,0,1,1,1,0,0,1,0
29,3,3,0,1,6,3,0,4,1,1,1,1,0,0,1,0
30,0,0,1,1,0,0,1,4,0,0,0,0,1,0,1,0
31,1,0,1,1,4,0,1,4,1,0,0,0,1,0,1,0
32,0,1,1,1,0,1,1,4,0,0,1,0,1,0,1,0
33,1,1,1,1,4,1,1,4,1,0,1,0,1,0,1,0
34,2,1,1,1,5,1,1,4,0,1,1,0,1,0,1,0
35,3,1,1,1,6,1,1,4,1,1,1,0,1,0,1,0
36,0,2,1,1,0,2,1,4,0,0,0,1,1,0,1,0
37,1,2,1,1,4,2,1,4,1,0,0,1,1,0,1,0
38,0,3,1,1,0,3,1,4,0,0,1,1,1,0,1,0
39,1,3,1,1,4,3,1,4,1,0,1,1,1,0,1,0
40,2,3,1,1,5,3,1,4,0,1,1,1,1,0,1,0
41,3,3,1,1,6,3,1,4,1,1,1,1,1,0,1,0
42,1,0,2,1,4,0,2,4,1,0,0,0,0,1,1,0
43,1,1,2,1,4,1,2,4,1,0,1,0,0,1,1,0
44,3,1,2,1,6,1,2,4,1,1,1,0,0,1,1,0
45,1,2,2,1,4,2,2,4,1,0,0,1,0,1,1,0
46,1,3,2,1,4,3,2,4,1,0,1,1,0,1,1,0
47,3,3,2,1,6,3,2,4,1,1,1,1,0,1,1,0
48,1,0,3,1,4,0,3,4,1,0,0,0,1,1,1,0
49,1,1,3,1,4,1,3,4,1,0,1,0,1,1,1,0
50,3,1,3,1,6,1,3,4,1,1,1,0,1,1,1,0
51,1,2,3,1,4,2,3,4,1,0,0,1,1,1,1,0
52,1,3,3,1,4,3,3,4,1,0,1,1,1,1,1,0
53,3,3,3,1,6,3,3,4,1,1,1,1,1,1,1,0
54,0,0,1,2,0,0,1,5,0,0,0,0,1,0,0,1
55,1,0,1,2,4,0,1,5,1,0,0,0,1,0,0,1
56,0,1,1,2,0,1,1,5,0,0,1,0,1,0,0,1
57,1,1,1,2,4,1,1,5,1,0,1,0,1,0,0,1
58,2,1,1,2,5,1,1,5,0,1,1,0,1,0,0,1
59,3,1,1,2,6,1,1,5,1,1,1,0,1,0,0,1
60,1,0,3,2,4,0,3,5,1,0,0,0,1,1,0,1
61,1,1,3,2,4,1,3,5,1,0,1,0,1,1,0,1
62,3,1,3,2,6,1,3,5,1,1,1,0,1,1,0,1
63,0,0,1,3,0,0,1,6,0,0,0,0,1,0,1,1
64,1,0,1,3,4,0,1,6,1,0,0,0,1,0,1,1
65,0,1,1,3,0,1,1,6,0,0,1,0,1,0,1,1
66,1,1,1,3,4,1,1,6,1,0,1,0,1,0,1,1
67,2,1,1,3,5,1,1,6,0,1,1,0,1,0,1,1
68,3,1,1,3,6,1,1,6,1,1,1,0,1,0,1,1
69,0,2,1,3,0,2,1,6,0,0,0,1,1,0,1,1
70,1,2,1,3,4,2,1,6,1,0,0,1,1,0,1,1
71,0,3,1,3,0,3,1,6,0,0,1,1,1,0,1,1
72,1,3,1,3,4,3,1,6,1,0,1,1,1,0,1,1
73,2,3,1,3,5,3,1,6,0,1,1,1,1,0,1,1
74,3,3,1,3,6,3,1,6,1,1,1,1,1,0,1,1
75,1,0,3,3,4,0,3,6,1,0,0,0,1,1,1,1
76,1,1,3,3,4,1,3,6,1,0,1,0,1,1,1,1
77,3,1,3,3,6,1,3,6,1,1,1,0,1,1,1,1
78,1,2,3,3,4,2,3,6,1,0,0,1,1,1,1,1
79,1,3,3,3,4,3,3,6,1,0,1,1,1,1,1,1
80,3,3,3,3,6,3,3,6,1,1,1,1,1,1,1,1
