metric,G_state,N,min,mean,median,p95,max,early_less_group,equal,early_greater_group
GROUP_MINUS_EARLY_G_STATE_ZERO,-1,100,1,3.590000,4,4,4,,,
L_POST_STATE_COMPARISON,0,100,,,,,,100,0,0
L_POST_STATE_COMPARISON,1,100,,,,,,100,0,0
L_POST_STATE_COMPARISON,2,100,,,,,,100,0,0
L_POST_STATE_COMPARISON,3,100,,,,,,100,0,0
L_POST_STATE_COMPARISON,4,100,,,,,,100,0,0
L_POST_STATE_COMPARISON,5,100,,,,,,0,100,0
L_POST_STATE_COMPARISON,6,100,,,,,,0,100,0
L_POST_STATE_COMPARISON,7,100,,,,,,0,100,0
L_POST_STATE_COMPARISON,8,100,,,,,,0,100,0
